record_type,id,timestamp,direction,from,to,phone_hash,contact_name,message,media_filename,gps_lat,gps_lon,app,app_event,device_id,imei,notes,ext,year
sms,1,2025-03-14 07:30:00,in,+33999888777,,,C0,Réunion projet demain 10:00 salle B. Lien: https://meet.example.com/abc,,,,sms,,,,source=sms_backup_restore_xml,,2025
sms,2,2024-11-14 13:55:00,out,,+33711223344,,C1,Peux-tu réserver le train ? https://sncf.com/fr,,,,sms,,,,source=sms_backup_restore_xml,,2024
sms,3,2024-09-15 15:55:00,in,+33655667788,,,C2,"Dentiste mardi 14h, formulaire: https://cabinet.example.fr/doc",,,,sms,,,,source=sms_backup_restore_xml,,2024
sms,4,2025-05-15 11:19:00,out,,BANQUE,,C3,Peux-tu réserver le train ? https://sncf.com/fr,,,,sms,,,,source=sms_backup_restore_xml,,2025
sms,5,2025-08-24 23:35:00,in,+33123456789,,,C4,Resto 20h ? nouveau bar https://bar.example.org/menu,,,,sms,,,,source=sms_backup_restore_xml,,2025
sms,6,2025-06-16 05:55:00,out,,+33655667788,,C5,"Dentiste mardi 14h, formulaire: https://cabinet.example.fr/doc",,,,sms,,,,source=sms_backup_restore_xml,,2025
sms,7,2025-07-18 15:04:00,in,+33655667788,,,C6,Réunion projet demain 10:00 salle B. Lien: https://meet.example.com/abc,,,,sms,,,,source=sms_backup_restore_xml,,2025
sms,8,2024-11-25 18:00:00,out,,+33655667788,,C7,Voici les photos : http://img.example.net/a1,,,,sms,,,,source=sms_backup_restore_xml,,2024
sms,9,2025-06-01 07:41:00,in,BANQUE,,,C8,Regarde ça www.youtube.com/watch?v=dQw4w9WgXcQ,,,,sms,,,,source=sms_backup_restore_xml,,2025
sms,11,2024-11-17 09:52:00,in,BANQUE,,,C10,Regarde ça www.youtube.com/watch?v=dQw4w9WgXcQ,,,,sms,,,,source=sms_backup_restore_xml,,2024
sms,12,2025-08-29 01:25:00,out,,+33655667788,,C11,Voici les photos : http://img.example.net/a1,,,,sms,,,,source=sms_backup_restore_xml,,2025
sms,13,2025-07-10 08:13:00,in,COLISSIMO,,,C12,Regarde ça www.youtube.com/watch?v=dQw4w9WgXcQ,,,,sms,,,,source=sms_backup_restore_xml,,2025
sms,14,2025-03-12 18:42:00,out,,+33711223344,,C13,Resto 20h ? nouveau bar https://bar.example.org/menu,,,,sms,,,,source=sms_backup_restore_xml,,2025
sms,15,2024-11-08 19:30:00,in,+33123456789,,,C14,"Livraison prévue, suivi: https://tracking.example.com/ZZ123",,,,sms,,,,source=sms_backup_restore_xml,,2024
sms,16,2024-09-19 13:13:00,out,,COLISSIMO,,C15,Peux-tu réserver le train ? https://sncf.com/fr,,,,sms,,,,source=sms_backup_restore_xml,,2024
sms,17,2025-08-22 00:17:00,in,+33123456789,,,C16,"Dentiste mardi 14h, formulaire: https://cabinet.example.fr/doc",,,,sms,,,,source=sms_backup_restore_xml,,2025
sms,18,2025-03-03 09:39:00,out,,BANQUE,,C17,Peux-tu réserver le train ? https://sncf.com/fr,,,,sms,,,,source=sms_backup_restore_xml,,2025
sms,21,2024-10-22 00:28:00,in,+33123456789,,,C0,"Dentiste mardi 14h, formulaire: https://cabinet.example.fr/doc",,,,sms,,,,source=sms_backup_restore_xml,,2024
sms,22,2025-04-06 02:56:00,out,,+33655667788,,C1,Réunion projet demain 10:00 salle B. Lien: https://meet.example.com/abc,,,,sms,,,,source=sms_backup_restore_xml,,2025
sms,24,2025-08-28 05:35:00,out,,+33655667788,,C3,Voici les photos : http://img.example.net/a1,,,,sms,,,,source=sms_backup_restore_xml,,2025
sms,25,2025-05-20 14:39:00,in,+33711223344,,,C4,Regarde ça www.youtube.com/watch?v=dQw4w9WgXcQ,,,,sms,,,,source=sms_backup_restore_xml,,2025
sms,26,2024-11-30 16:42:00,out,,+33711223344,,C5,Regarde ça www.youtube.com/watch?v=dQw4w9WgXcQ,,,,sms,,,,source=sms_backup_restore_xml,,2024
sms,27,2025-01-20 22:09:00,in,COLISSIMO,,,C6,Regarde ça www.youtube.com/watch?v=dQw4w9WgXcQ,,,,sms,,,,source=sms_backup_restore_xml,,2025
sms,28,2025-05-02 03:46:00,out,,COLISSIMO,,C7,Réunion projet demain 10:00 salle B. Lien: https://meet.example.com/abc,,,,sms,,,,source=sms_backup_restore_xml,,2025
sms,29,2025-02-08 20:18:00,in,+33655667788,,,C8,Réunion projet demain 10:00 salle B. Lien: https://meet.example.com/abc,,,,sms,,,,source=sms_backup_restore_xml,,2025
sms,30,2024-12-02 02:22:00,out,,BANQUE,,C9,"Livraison prévue, suivi: https://tracking.example.com/ZZ123",,,,sms,,,,source=sms_backup_restore_xml,,2024
sms,31,2025-08-28 08:15:00,in,+33711223344,,,C10,Peux-tu réserver le train ? https://sncf.com/fr,,,,sms,,,,source=sms_backup_restore_xml,,2025
sms,33,2025-01-31 22:56:00,in,+33711223344,,,C12,Voici les photos : http://img.example.net/a1,,,,sms,,,,source=sms_backup_restore_xml,,2025
sms,34,2025-04-10 00:22:00,out,,+33123456789,,C13,Resto 20h ? nouveau bar https://bar.example.org/menu,,,,sms,,,,source=sms_backup_restore_xml,,2025
sms,35,2025-06-15 04:37:00,in,+33123456789,,,C14,Voici les photos : http://img.example.net/a1,,,,sms,,,,source=sms_backup_restore_xml,,2025
sms,37,2024-11-22 12:59:00,in,+33999888777,,,C16,Resto 20h ? nouveau bar https://bar.example.org/menu,,,,sms,,,,source=sms_backup_restore_xml,,2024
sms,38,2025-01-12 03:30:00,out,,+33123456789,,C17,Peux-tu réserver le train ? https://sncf.com/fr,,,,sms,,,,source=sms_backup_restore_xml,,2025
sms,39,2025-06-20 23:37:00,in,BANQUE,,,C18,"Dentiste mardi 14h, formulaire: https://cabinet.example.fr/doc",,,,sms,,,,source=sms_backup_restore_xml,,2025
sms,40,2025-07-02 06:56:00,out,,+33999888777,,C19,"Dentiste mardi 14h, formulaire: https://cabinet.example.fr/doc",,,,sms,,,,source=sms_backup_restore_xml,,2025
sms,41,2024-12-02 05:25:00,in,+33123456789,,,C0,Resto 20h ? nouveau bar https://bar.example.org/menu,,,,sms,,,,source=sms_backup_restore_xml,,2024
sms,42,2024-11-22 12:21:00,out,,+33711223344,,C1,Regarde ça www.youtube.com/watch?v=dQw4w9WgXcQ,,,,sms,,,,source=sms_backup_restore_xml,,2024
sms,43,2025-06-11 11:51:00,in,BANQUE,,,C2,Voici les photos : http://img.example.net/a1,,,,sms,,,,source=sms_backup_restore_xml,,2025
sms,45,2025-05-30 13:04:00,in,+33123456789,,,C4,Regarde ça www.youtube.com/watch?v=dQw4w9WgXcQ,,,,sms,,,,source=sms_backup_restore_xml,,2025
sms,47,2025-02-23 10:01:00,in,+33655667788,,,C6,"Dentiste mardi 14h, formulaire: https://cabinet.example.fr/doc",,,,sms,,,,source=sms_backup_restore_xml,,2025
sms,48,2025-01-21 05:34:00,out,,+33123456789,,C7,"Livraison prévue, suivi: https://tracking.example.com/ZZ123",,,,sms,,,,source=sms_backup_restore_xml,,2025
sms,49,2025-04-10 10:25:00,in,+33655667788,,,C8,Peux-tu réserver le train ? https://sncf.com/fr,,,,sms,,,,source=sms_backup_restore_xml,,2025
sms,50,2025-03-18 05:22:00,out,,COLISSIMO,,C9,Voici les photos : http://img.example.net/a1,,,,sms,,,,source=sms_backup_restore_xml,,2025
sms,52,2024-09-03 03:49:00,out,,+33123456789,,C11,"Livraison prévue, suivi: https://tracking.example.com/ZZ123",,,,sms,,,,source=sms_backup_restore_xml,,2024
sms,53,2024-10-18 05:18:00,in,BANQUE,,,C12,Voici les photos : http://img.example.net/a1,,,,sms,,,,source=sms_backup_restore_xml,,2024
sms,54,2024-10-30 07:04:00,out,,+33711223344,,C13,"Dentiste mardi 14h, formulaire: https://cabinet.example.fr/doc",,,,sms,,,,source=sms_backup_restore_xml,,2024
sms,55,2025-07-15 08:04:00,in,+33711223344,,,C14,Regarde ça www.youtube.com/watch?v=dQw4w9WgXcQ,,,,sms,,,,source=sms_backup_restore_xml,,2025
sms,56,2024-10-23 01:20:00,out,,COLISSIMO,,C15,"Dentiste mardi 14h, formulaire: https://cabinet.example.fr/doc",,,,sms,,,,source=sms_backup_restore_xml,,2024
sms,57,2025-04-30 21:03:00,in,+33655667788,,,C16,Peux-tu réserver le train ? https://sncf.com/fr,,,,sms,,,,source=sms_backup_restore_xml,,2025
sms,58,2025-04-25 19:30:00,out,,+33711223344,,C17,Voici les photos : http://img.example.net/a1,,,,sms,,,,source=sms_backup_restore_xml,,2025
sms,59,2025-01-09 03:36:00,in,+33655667788,,,C18,"Dentiste mardi 14h, formulaire: https://cabinet.example.fr/doc",,,,sms,,,,source=sms_backup_restore_xml,,2025
sms,61,2024-12-07 11:39:00,in,+33655667788,,,C0,Resto 20h ? nouveau bar https://bar.example.org/menu,,,,sms,,,,source=sms_backup_restore_xml,,2024
sms,62,2025-07-06 01:05:00,out,,BANQUE,,C1,Regarde ça www.youtube.com/watch?v=dQw4w9WgXcQ,,,,sms,,,,source=sms_backup_restore_xml,,2025
sms,63,2025-03-14 17:17:00,in,+33655667788,,,C2,Réunion projet demain 10:00 salle B. Lien: https://meet.example.com/abc,,,,sms,,,,source=sms_backup_restore_xml,,2025
sms,64,2024-11-13 18:26:00,out,,BANQUE,,C3,Voici les photos : http://img.example.net/a1,,,,sms,,,,source=sms_backup_restore_xml,,2024
sms,65,2024-09-22 03:07:00,in,+33655667788,,,C4,Voici les photos : http://img.example.net/a1,,,,sms,,,,source=sms_backup_restore_xml,,2024
sms,67,2024-09-12 11:58:00,in,COLISSIMO,,,C6,Resto 20h ? nouveau bar https://bar.example.org/menu,,,,sms,,,,source=sms_backup_restore_xml,,2024
sms,68,2025-05-12 23:54:00,out,,COLISSIMO,,C7,Peux-tu réserver le train ? https://sncf.com/fr,,,,sms,,,,source=sms_backup_restore_xml,,2025
sms,70,2025-05-19 15:17:00,out,,COLISSIMO,,C9,Réunion projet demain 10:00 salle B. Lien: https://meet.example.com/abc,,,,sms,,,,source=sms_backup_restore_xml,,2025
sms,71,2025-01-22 12:56:00,in,BANQUE,,,C10,Regarde ça www.youtube.com/watch?v=dQw4w9WgXcQ,,,,sms,,,,source=sms_backup_restore_xml,,2025
sms,72,2025-07-01 15:34:00,out,,+33711223344,,C11,"Dentiste mardi 14h, formulaire: https://cabinet.example.fr/doc",,,,sms,,,,source=sms_backup_restore_xml,,2025
sms,74,2025-03-19 03:55:00,out,,BANQUE,,C13,Resto 20h ? nouveau bar https://bar.example.org/menu,,,,sms,,,,source=sms_backup_restore_xml,,2025
sms,76,2025-01-12 01:38:00,out,,+33655667788,,C15,Voici les photos : http://img.example.net/a1,,,,sms,,,,source=sms_backup_restore_xml,,2025
sms,77,2025-08-08 15:02:00,in,+33999888777,,,C16,Voici les photos : http://img.example.net/a1,,,,sms,,,,source=sms_backup_restore_xml,,2025
sms,79,2025-07-26 21:43:00,in,+33999888777,,,C18,Regarde ça www.youtube.com/watch?v=dQw4w9WgXcQ,,,,sms,,,,source=sms_backup_restore_xml,,2025
sms,80,2024-11-27 11:37:00,out,,+33999888777,,C19,Voici les photos : http://img.example.net/a1,,,,sms,,,,source=sms_backup_restore_xml,,2024
sms,81,2025-05-01 19:13:00,in,+33711223344,,,C0,"Livraison prévue, suivi: https://tracking.example.com/ZZ123",,,,sms,,,,source=sms_backup_restore_xml,,2025
sms,82,2025-07-10 12:48:00,out,,BANQUE,,C1,"Dentiste mardi 14h, formulaire: https://cabinet.example.fr/doc",,,,sms,,,,source=sms_backup_restore_xml,,2025
sms,84,2025-06-27 23:29:00,out,,+33999888777,,C3,Réunion projet demain 10:00 salle B. Lien: https://meet.example.com/abc,,,,sms,,,,source=sms_backup_restore_xml,,2025
sms,85,2024-12-13 07:00:00,in,BANQUE,,,C4,Voici les photos : http://img.example.net/a1,,,,sms,,,,source=sms_backup_restore_xml,,2024
sms,86,2024-12-08 21:17:00,out,,+33123456789,,C5,"Livraison prévue, suivi: https://tracking.example.com/ZZ123",,,,sms,,,,source=sms_backup_restore_xml,,2024
sms,87,2025-01-16 23:41:00,in,+33711223344,,,C6,"Livraison prévue, suivi: https://tracking.example.com/ZZ123",,,,sms,,,,source=sms_backup_restore_xml,,2025
sms,88,2024-11-25 17:03:00,out,,+33655667788,,C7,Peux-tu réserver le train ? https://sncf.com/fr,,,,sms,,,,source=sms_backup_restore_xml,,2024
sms,89,2025-05-23 22:00:00,in,+33999888777,,,C8,Regarde ça www.youtube.com/watch?v=dQw4w9WgXcQ,,,,sms,,,,source=sms_backup_restore_xml,,2025
sms,90,2025-02-11 21:13:00,out,,BANQUE,,C9,Peux-tu réserver le train ? https://sncf.com/fr,,,,sms,,,,source=sms_backup_restore_xml,,2025
sms,91,2024-10-24 23:21:00,in,+33711223344,,,C10,Resto 20h ? nouveau bar https://bar.example.org/menu,,,,sms,,,,source=sms_backup_restore_xml,,2024
sms,93,2025-03-27 06:20:00,in,COLISSIMO,,,C12,"Livraison prévue, suivi: https://tracking.example.com/ZZ123",,,,sms,,,,source=sms_backup_restore_xml,,2025
sms,94,2024-10-08 10:54:00,out,,+33711223344,,C13,Regarde ça www.youtube.com/watch?v=dQw4w9WgXcQ,,,,sms,,,,source=sms_backup_restore_xml,,2024
sms,95,2025-02-07 05:43:00,in,+33711223344,,,C14,Réunion projet demain 10:00 salle B. Lien: https://meet.example.com/abc,,,,sms,,,,source=sms_backup_restore_xml,,2025
sms,97,2025-03-19 15:30:00,in,+33123456789,,,C16,Peux-tu réserver le train ? https://sncf.com/fr,,,,sms,,,,source=sms_backup_restore_xml,,2025
sms,99,2025-04-21 14:04:00,in,+33655667788,,,C18,Voici les photos : http://img.example.net/a1,,,,sms,,,,source=sms_backup_restore_xml,,2025
sms,100,2025-06-23 08:56:00,out,,COLISSIMO,,C19,"Livraison prévue, suivi: https://tracking.example.com/ZZ123",,,,sms,,,,source=sms_backup_restore_xml,,2025
sms,102,2025-06-21 09:33:00,out,,+33123456789,,C1,Regarde ça www.youtube.com/watch?v=dQw4w9WgXcQ,,,,sms,,,,source=sms_backup_restore_xml,,2025
sms,103,2025-02-11 09:53:00,in,+33123456789,,,C2,Voici les photos : http://img.example.net/a1,,,,sms,,,,source=sms_backup_restore_xml,,2025
sms,104,2024-11-27 02:50:00,out,,+33711223344,,C3,Voici les photos : http://img.example.net/a1,,,,sms,,,,source=sms_backup_restore_xml,,2024
sms,105,2025-07-14 18:39:00,in,+33123456789,,,C4,Voici les photos : http://img.example.net/a1,,,,sms,,,,source=sms_backup_restore_xml,,2025
sms,106,2024-09-12 13:55:00,out,,COLISSIMO,,C5,Regarde ça www.youtube.com/watch?v=dQw4w9WgXcQ,,,,sms,,,,source=sms_backup_restore_xml,,2024
sms,107,2025-03-26 01:12:00,in,+33655667788,,,C6,"Livraison prévue, suivi: https://tracking.example.com/ZZ123",,,,sms,,,,source=sms_backup_restore_xml,,2025
sms,108,2025-04-05 05:08:00,out,,COLISSIMO,,C7,Regarde ça www.youtube.com/watch?v=dQw4w9WgXcQ,,,,sms,,,,source=sms_backup_restore_xml,,2025
sms,109,2025-03-01 13:41:00,in,COLISSIMO,,,C8,Regarde ça www.youtube.com/watch?v=dQw4w9WgXcQ,,,,sms,,,,source=sms_backup_restore_xml,,2025
sms,110,2024-10-13 05:34:00,out,,+33123456789,,C9,"Dentiste mardi 14h, formulaire: https://cabinet.example.fr/doc",,,,sms,,,,source=sms_backup_restore_xml,,2024
sms,111,2025-05-21 03:24:00,in,+33655667788,,,C10,Resto 20h ? nouveau bar https://bar.example.org/menu,,,,sms,,,,source=sms_backup_restore_xml,,2025
sms,112,2025-03-07 05:11:00,out,,BANQUE,,C11,Voici les photos : http://img.example.net/a1,,,,sms,,,,source=sms_backup_restore_xml,,2025
sms,114,2025-06-29 06:50:00,out,,+33999888777,,C13,Peux-tu réserver le train ? https://sncf.com/fr,,,,sms,,,,source=sms_backup_restore_xml,,2025
sms,115,2025-07-14 17:25:00,in,+33655667788,,,C14,"Dentiste mardi 14h, formulaire: https://cabinet.example.fr/doc",,,,sms,,,,source=sms_backup_restore_xml,,2025
sms,116,2025-07-07 21:23:00,out,,+33999888777,,C15,"Livraison prévue, suivi: https://tracking.example.com/ZZ123",,,,sms,,,,source=sms_backup_restore_xml,,2025
sms,118,2025-02-26 23:28:00,out,,+33655667788,,C17,"Livraison prévue, suivi: https://tracking.example.com/ZZ123",,,,sms,,,,source=sms_backup_restore_xml,,2025
sms,119,2025-03-23 17:11:00,in,COLISSIMO,,,C18,Regarde ça www.youtube.com/watch?v=dQw4w9WgXcQ,,,,sms,,,,source=sms_backup_restore_xml,,2025
sms,120,2024-10-04 16:33:00,out,,+33655667788,,C19,Peux-tu réserver le train ? https://sncf.com/fr,,,,sms,,,,source=sms_backup_restore_xml,,2024
sms,121,2024-11-21 06:47:00,in,COLISSIMO,,,C0,"Livraison prévue, suivi: https://tracking.example.com/ZZ123",,,,sms,,,,source=sms_backup_restore_xml,,2024
sms,122,2025-04-26 23:04:00,out,,BANQUE,,C1,Regarde ça www.youtube.com/watch?v=dQw4w9WgXcQ,,,,sms,,,,source=sms_backup_restore_xml,,2025
sms,123,2025-07-07 15:45:00,in,COLISSIMO,,,C2,Réunion projet demain 10:00 salle B. Lien: https://meet.example.com/abc,,,,sms,,,,source=sms_backup_restore_xml,,2025
sms,125,2025-05-19 14:43:00,in,BANQUE,,,C4,"Livraison prévue, suivi: https://tracking.example.com/ZZ123",,,,sms,,,,source=sms_backup_restore_xml,,2025
sms,126,2025-03-16 19:14:00,out,,BANQUE,,C5,Réunion projet demain 10:00 salle B. Lien: https://meet.example.com/abc,,,,sms,,,,source=sms_backup_restore_xml,,2025
sms,128,2025-02-23 14:33:00,out,,COLISSIMO,,C7,Voici les photos : http://img.example.net/a1,,,,sms,,,,source=sms_backup_restore_xml,,2025
sms,130,2024-11-08 16:02:00,out,,+33655667788,,C9,Réunion projet demain 10:00 salle B. Lien: https://meet.example.com/abc,,,,sms,,,,source=sms_backup_restore_xml,,2024
sms,132,2024-10-19 02:22:00,out,,+33999888777,,C11,Réunion projet demain 10:00 salle B. Lien: https://meet.example.com/abc,,,,sms,,,,source=sms_backup_restore_xml,,2024
sms,133,2025-04-19 06:48:00,in,+33655667788,,,C12,Peux-tu réserver le train ? https://sncf.com/fr,,,,sms,,,,source=sms_backup_restore_xml,,2025
sms,136,2024-10-22 11:59:00,out,,+33999888777,,C15,Resto 20h ? nouveau bar https://bar.example.org/menu,,,,sms,,,,source=sms_backup_restore_xml,,2024
sms,137,2024-10-28 08:42:00,in,+33711223344,,,C16,"Dentiste mardi 14h, formulaire: https://cabinet.example.fr/doc",,,,sms,,,,source=sms_backup_restore_xml,,2024
sms,138,2024-11-25 03:16:00,out,,+33123456789,,C17,Réunion projet demain 10:00 salle B. Lien: https://meet.example.com/abc,,,,sms,,,,source=sms_backup_restore_xml,,2024
sms,139,2024-11-04 14:48:00,in,+33711223344,,,C18,Resto 20h ? nouveau bar https://bar.example.org/menu,,,,sms,,,,source=sms_backup_restore_xml,,2024
sms,141,2024-11-06 22:14:00,in,+33999888777,,,C0,"Dentiste mardi 14h, formulaire: https://cabinet.example.fr/doc",,,,sms,,,,source=sms_backup_restore_xml,,2024
sms,142,2024-10-10 16:59:00,out,,+33711223344,,C1,"Dentiste mardi 14h, formulaire: https://cabinet.example.fr/doc",,,,sms,,,,source=sms_backup_restore_xml,,2024
sms,143,2024-12-06 20:41:00,in,+33655667788,,,C2,"Livraison prévue, suivi: https://tracking.example.com/ZZ123",,,,sms,,,,source=sms_backup_restore_xml,,2024
sms,144,2025-02-03 01:58:00,out,,+33711223344,,C3,"Dentiste mardi 14h, formulaire: https://cabinet.example.fr/doc",,,,sms,,,,source=sms_backup_restore_xml,,2025
sms,146,2024-11-24 07:22:00,out,,BANQUE,,C5,Voici les photos : http://img.example.net/a1,,,,sms,,,,source=sms_backup_restore_xml,,2024
sms,147,2025-01-08 05:37:00,in,BANQUE,,,C6,"Livraison prévue, suivi: https://tracking.example.com/ZZ123",,,,sms,,,,source=sms_backup_restore_xml,,2025
sms,148,2025-06-22 12:52:00,out,,+33123456789,,C7,"Dentiste mardi 14h, formulaire: https://cabinet.example.fr/doc",,,,sms,,,,source=sms_backup_restore_xml,,2025
sms,149,2025-01-19 09:20:00,in,+33123456789,,,C8,Peux-tu réserver le train ? https://sncf.com/fr,,,,sms,,,,source=sms_backup_restore_xml,,2025
sms,150,2025-06-07 12:51:00,out,,+33123456789,,C9,Réunion projet demain 10:00 salle B. Lien: https://meet.example.com/abc,,,,sms,,,,source=sms_backup_restore_xml,,2025
message,152,2024-10-30 18:00:00,,+33700000002,,,,Zoom demain 9h: https://zoom.us/j/123456789,,,,imessage,,,,source=imessage_csv,,2024
message,155,2025-02-03 21:00:00,,+33000000001,,,,Zoom demain 9h: https://zoom.us/j/123456789,,,,imessage,,,,source=imessage_csv,,2025
message,156,2025-06-25 19:00:00,,+33700000002,,,,Zoom demain 9h: https://zoom.us/j/123456789,,,,imessage,,,,source=imessage_csv,,2025
message,157,2024-09-28 16:00:00,,+33700000002,,,,Voici le doc: https://drive.example.com/file/abc,,,,imessage,,,,source=imessage_csv,,2024
message,158,2024-12-27 19:00:00,,+33000000001,,,,Bar ce soir ? www.bar.cool/agenda,,,,imessage,,,,source=imessage_csv,,2024
message,159,2025-02-15 04:00:00,,+33000000001,,,,Bar ce soir ? www.bar.cool/agenda,,,,imessage,,,,source=imessage_csv,,2025
message,162,2024-11-22 22:00:00,,Moi,,,,Zoom demain 9h: https://zoom.us/j/123456789,,,,imessage,,,,source=imessage_csv,,2024
message,163,2024-12-28 20:00:00,,+33000000001,,,,Zoom demain 9h: https://zoom.us/j/123456789,,,,imessage,,,,source=imessage_csv,,2024
message,166,2025-04-01 06:00:00,,+33700000002,,,,Zoom demain 9h: https://zoom.us/j/123456789,,,,imessage,,,,source=imessage_csv,,2025
message,167,2025-04-27 09:00:00,,+33000000001,,,,Zoom demain 9h: https://zoom.us/j/123456789,,,,imessage,,,,source=imessage_csv,,2025
message,168,2025-06-29 14:00:00,,+33700000002,,,,Zoom demain 9h: https://zoom.us/j/123456789,,,,imessage,,,,source=imessage_csv,,2025
message,171,2024-10-25 04:00:00,,Moi,,,,Voici le doc: https://drive.example.com/file/abc,,,,imessage,,,,source=imessage_csv,,2024
message,172,2025-05-07 17:00:00,,+33700000002,,,,Voici le doc: https://drive.example.com/file/abc,,,,imessage,,,,source=imessage_csv,,2025
message,176,2025-03-24 05:00:00,,+33700000002,,,,Voici le doc: https://drive.example.com/file/abc,,,,imessage,,,,source=imessage_csv,,2025
message,177,2024-12-20 05:00:00,,+33700000002,,,,Zoom demain 9h: https://zoom.us/j/123456789,,,,imessage,,,,source=imessage_csv,,2024
message,180,2024-12-03 18:00:00,,Moi,,,,Voici le doc: https://drive.example.com/file/abc,,,,imessage,,,,source=imessage_csv,,2024
message,181,2025-06-08 12:00:00,,Moi,,,,Bar ce soir ? www.bar.cool/agenda,,,,imessage,,,,source=imessage_csv,,2025
message,184,2024-12-14 00:00:00,,Moi,,,,Bar ce soir ? www.bar.cool/agenda,,,,imessage,,,,source=imessage_csv,,2024
message,185,2024-09-21 06:00:00,,Moi,,,,Zoom demain 9h: https://zoom.us/j/123456789,,,,imessage,,,,source=imessage_csv,,2024
message,186,2025-03-10 11:00:00,,Moi,,,,Zoom demain 9h: https://zoom.us/j/123456789,,,,imessage,,,,source=imessage_csv,,2025
message,187,2025-07-04 23:00:00,,+33000000001,,,,Bar ce soir ? www.bar.cool/agenda,,,,imessage,,,,source=imessage_csv,,2025
message,188,2025-08-07 18:00:00,,+33700000002,,,,Voici le doc: https://drive.example.com/file/abc,,,,imessage,,,,source=imessage_csv,,2025
message,192,2024-11-03 01:00:00,,+33000000001,,,,Voici le doc: https://drive.example.com/file/abc,,,,imessage,,,,source=imessage_csv,,2024
message,194,2025-08-22 22:00:00,,+33700000002,,,,Voici le doc: https://drive.example.com/file/abc,,,,imessage,,,,source=imessage_csv,,2025
message,195,2025-08-24 00:00:00,,+33700000002,,,,Zoom demain 9h: https://zoom.us/j/123456789,,,,imessage,,,,source=imessage_csv,,2025
message,198,2025-03-03 20:00:00,,Moi,,,,Zoom demain 9h: https://zoom.us/j/123456789,,,,imessage,,,,source=imessage_csv,,2025
message,199,2024-11-27 21:00:00,,Moi,,,,Zoom demain 9h: https://zoom.us/j/123456789,,,,imessage,,,,source=imessage_csv,,2024
message,201,2024-10-30 15:00:00,,+33000000001,,,,Voici le doc: https://drive.example.com/file/abc,,,,imessage,,,,source=imessage_csv,,2024
message,203,2025-03-10 23:00:00,,Moi,,,,Voici le doc: https://drive.example.com/file/abc,,,,imessage,,,,source=imessage_csv,,2025
message,210,2025-07-15 23:00:00,,+33000000001,,,,Zoom demain 9h: https://zoom.us/j/123456789,,,,imessage,,,,source=imessage_csv,,2025
message,213,2025-03-10 10:00:00,,+33000000001,,,,Zoom demain 9h: https://zoom.us/j/123456789,,,,imessage,,,,source=imessage_csv,,2025
message,214,2024-11-12 01:00:00,,Moi,,,,Bar ce soir ? www.bar.cool/agenda,,,,imessage,,,,source=imessage_csv,,2024
message,216,2024-10-02 12:00:00,,+33700000002,,,,Bar ce soir ? www.bar.cool/agenda,,,,imessage,,,,source=imessage_csv,,2024
message,218,2025-02-11 04:00:00,,+33700000002,,,,Voici le doc: https://drive.example.com/file/abc,,,,imessage,,,,source=imessage_csv,,2025
message,220,2024-09-24 00:00:00,,+33000000001,,,,Voici le doc: https://drive.example.com/file/abc,,,,imessage,,,,source=imessage_csv,,2024
message,222,2025-06-10 16:00:00,,Moi,,,,Zoom demain 9h: https://zoom.us/j/123456789,,,,imessage,,,,source=imessage_csv,,2025
message,224,2025-05-05 04:00:00,,+33700000002,,,,Bar ce soir ? www.bar.cool/agenda,,,,imessage,,,,source=imessage_csv,,2025
message,225,2025-05-13 22:00:00,,Moi,,,,Voici le doc: https://drive.example.com/file/abc,,,,imessage,,,,source=imessage_csv,,2025
message,227,2024-12-15 05:00:00,,Moi,,,,Zoom demain 9h: https://zoom.us/j/123456789,,,,imessage,,,,source=imessage_csv,,2024
message,228,2025-06-16 12:00:00,,+33000000001,,,,Voici le doc: https://drive.example.com/file/abc,,,,imessage,,,,source=imessage_csv,,2025
message,231,2024-10-19 03:00:00,,+33000000001,,,,Voici le doc: https://drive.example.com/file/abc,,,,imessage,,,,source=imessage_csv,,2024
message,234,2024-12-26T18:00:00,,Moi,,,,Menu www.restaurant.example/soiree,,,,rcs,,,,source=rcs_json,,2024
message,236,2025-01-30T02:00:00,,+33111222333,,,,Menu www.restaurant.example/soiree,,,,rcs,,,,source=rcs_json,,2025
message,237,2025-06-29T00:00:00,,Moi,,,,Formulaire https://forms.example.org/xyz,,,,rcs,,,,source=rcs_json,,2025
message,241,2025-03-14T04:00:00,,+33111222333,,,,Formulaire https://forms.example.org/xyz,,,,rcs,,,,source=rcs_json,,2025
message,244,2025-04-22T23:00:00,,Moi,,,,Formulaire https://forms.example.org/xyz,,,,rcs,,,,source=rcs_json,,2025
message,245,2025-04-06T13:00:00,,Moi,,,,Regarde ce lien https://news.example.com/article/123,,,,rcs,,,,source=rcs_json,,2025
message,246,2024-12-05T12:00:00,,Moi,,,,Regarde ce lien https://news.example.com/article/123,,,,rcs,,,,source=rcs_json,,2024
message,247,2024-12-02T15:00:00,,+33111222333,,,,Formulaire https://forms.example.org/xyz,,,,rcs,,,,source=rcs_json,,2024
message,248,2025-06-07T19:00:00,,Moi,,,,Menu www.restaurant.example/soiree,,,,rcs,,,,source=rcs_json,,2025
message,249,2024-12-14T04:00:00,,+33111222333,,,,Regarde ce lien https://news.example.com/article/123,,,,rcs,,,,source=rcs_json,,2024
message,250,2024-10-03T20:00:00,,+33111222333,,,,Menu www.restaurant.example/soiree,,,,rcs,,,,source=rcs_json,,2024
message,251,2025-04-03T07:00:00,,Moi,,,,Regarde ce lien https://news.example.com/article/123,,,,rcs,,,,source=rcs_json,,2025
message,253,2024-09-14T14:00:00,,Moi,,,,Menu www.restaurant.example/soiree,,,,rcs,,,,source=rcs_json,,2024
message,254,2025-01-28T10:00:00,,Moi,,,,Formulaire https://forms.example.org/xyz,,,,rcs,,,,source=rcs_json,,2025
message,255,2024-09-25T19:00:00,,+33111222333,,,,Regarde ce lien https://news.example.com/article/123,,,,rcs,,,,source=rcs_json,,2024
message,256,2024-11-18T14:00:00,,Moi,,,,Menu www.restaurant.example/soiree,,,,rcs,,,,source=rcs_json,,2024
message,259,2025-06-06T01:00:00,,Moi,,,,Regarde ce lien https://news.example.com/article/123,,,,rcs,,,,source=rcs_json,,2025
message,260,2025-08-20T21:00:00,,+33111222333,,,,Formulaire https://forms.example.org/xyz,,,,rcs,,,,source=rcs_json,,2025
message,262,2024-11-20T15:00:00,,Moi,,,,Menu www.restaurant.example/soiree,,,,rcs,,,,source=rcs_json,,2024
message,263,2024-10-30T11:00:00,,+33111222333,,,,Regarde ce lien https://news.example.com/article/123,,,,rcs,,,,source=rcs_json,,2024
message,265,2025-07-18T00:00:00,,Moi,,,,Regarde ce lien https://news.example.com/article/123,,,,rcs,,,,source=rcs_json,,2025
message,267,2025-08-08T09:00:00,,+33111222333,,,,Formulaire https://forms.example.org/xyz,,,,rcs,,,,source=rcs_json,,2025
message,269,2024-09-12T01:00:00,,+33111222333,,,,Regarde ce lien https://news.example.com/article/123,,,,rcs,,,,source=rcs_json,,2024
message,272,2025-02-17T06:00:00,,Moi,,,,Formulaire https://forms.example.org/xyz,,,,rcs,,,,source=rcs_json,,2025
message,273,2025-05-02T19:00:00,,Moi,,,,Regarde ce lien https://news.example.com/article/123,,,,rcs,,,,source=rcs_json,,2025
message,275,2025-05-14T02:00:00,,Moi,,,,Menu www.restaurant.example/soiree,,,,rcs,,,,source=rcs_json,,2025
message,276,2024-11-16T20:00:00,,Moi,,,,Formulaire https://forms.example.org/xyz,,,,rcs,,,,source=rcs_json,,2024
message,279,2024-12-04T13:00:00,,+33111222333,,,,Regarde ce lien https://news.example.com/article/123,,,,rcs,,,,source=rcs_json,,2024
message,280,2024-10-28T06:00:00,,Moi,,,,Regarde ce lien https://news.example.com/article/123,,,,rcs,,,,source=rcs_json,,2024
message,281,2025-02-12T03:00:00,,Moi,,,,Menu www.restaurant.example/soiree,,,,rcs,,,,source=rcs_json,,2025
message,283,2025-07-14T21:00:00,,Moi,,,,Regarde ce lien https://news.example.com/article/123,,,,rcs,,,,source=rcs_json,,2025
message,287,2025-08-21T14:00:00,,+33111222333,,,,Regarde ce lien https://news.example.com/article/123,,,,rcs,,,,source=rcs_json,,2025
message,288,2025-03-17T03:00:00,,+33111222333,,,,Menu www.restaurant.example/soiree,,,,rcs,,,,source=rcs_json,,2025
message,290,2025-05-06T01:00:00,,Moi,,,,Menu www.restaurant.example/soiree,,,,rcs,,,,source=rcs_json,,2025
message,292,2025-07-23T23:00:00,,Moi,,,,Formulaire https://forms.example.org/xyz,,,,rcs,,,,source=rcs_json,,2025
