code;current;name;gender;function;category;organisation_code;organisation;organisation_long;disciplines;birth_date
1536406;True;FRATINI Elisabetta;Female;Referee;J;ITA;Italy;Italy;['Judo'];
1550583;True;ILIC Corina;Female;Referee;J;CRO;Croatia;Croatia;['Judo'];
1550593;True;MAAFI Ziad;Male;Referee;J;ALG;Algeria;Algeria;['Judo'];
1550642;True;FUMEA Maria;Female;Judge;J;FIG;FIG;International Gymnastics Federation;['Artistic Gymnastics', 'Rhythmic Gymnastics', 'Trampoline Gymnastics'];
1550643;True;LEUNG Li Li;Female;Judge;J;FIG;FIG;International Gymnastics Federation;['Artistic Gymnastics', 'Rhythmic Gymnastics', 'Trampoline Gymnastics'];
1550645;True;MIAO Zhongyi;Male;Judge;J;FIG;FIG;International Gymnastics Federation;['Artistic Gymnastics', 'Rhythmic Gymnastics', 'Trampoline Gymnastics'];
1550646;True;VALENZO AOKI Naomi Chieko;Female;Judge;J;FIG;FIG;International Gymnastics Federation;['Artistic Gymnastics', 'Rhythmic Gymnastics', 'Trampoline Gymnastics'];
1550647;True;AL HITMI Ali;Male;Judge;J;FIG;FIG;International Gymnastics Federation;['Artistic Gymnastics', 'Rhythmic Gymnastics', 'Trampoline Gymnastics'];
1550648;True;AL TABBAA Mouhammed Youssef;Male;Judge;J;FIG;FIG;International Gymnastics Federation;['Artistic Gymnastics', 'Rhythmic Gymnastics', 'Trampoline Gymnastics'];
1550649;True;CELEN Suat;Male;Judge;J;FIG;FIG;International Gymnastics Federation;['Artistic Gymnastics', 'Rhythmic Gymnastics', 'Trampoline Gymnastics'];
1550650;True;ESAWY Ehab;Male;Judge;J;FIG;FIG;International Gymnastics Federation;['Artistic Gymnastics', 'Rhythmic Gymnastics', 'Trampoline Gymnastics'];
1550651;True;YAGI KITAGAWA Tammy;Female;Judge;J;FIG;FIG;International Gymnastics Federation;['Artistic Gymnastics', 'Rhythmic Gymnastics', 'Trampoline Gymnastics'];
1550652;True;VALERIO Rogerio;Male;Judge;J;FIG;FIG;International Gymnastics Federation;['Artistic Gymnastics', 'Rhythmic Gymnastics', 'Trampoline Gymnastics'];
1550653;True;MOWBRAY Denis;Male;Judge;J;FIG;FIG;International Gymnastics Federation;['Artistic Gymnastics', 'Rhythmic Gymnastics', 'Trampoline Gymnastics'];
1550654;True;PEGAN Aljaz;Male;Judge;J;FIG;FIG;International Gymnastics Federation;['Artistic Gymnastics', 'Rhythmic Gymnastics', 'Trampoline Gymnastics'];
1550655;True;PENICHE FRANCO Alejandro;Male;Judge;J;FIG;FIG;International Gymnastics Federation;['Artistic Gymnastics', 'Rhythmic Gymnastics', 'Trampoline Gymnastics'];
1550656;True;PERRIERE Charles;Male;Judge;J;FIG;FIG;International Gymnastics Federation;['Artistic Gymnastics', 'Rhythmic Gymnastics', 'Trampoline Gymnastics'];
1550657;True;TAEYMANS Rosy;Female;Judge;J;FIG;FIG;International Gymnastics Federation;['Artistic Gymnastics', 'Rhythmic Gymnastics', 'Trampoline Gymnastics'];
1550662;True;ACOSTA RODRIGUEZ Laura Patricia;Female;Judge;J;FIG;FIG;International Gymnastics Federation;['Rhythmic Gymnastics'];17/11/1964
1550672;True;BEDOSHVILI Eliso;Female;Judge;J;GEO;Georgia;Georgia;['Rhythmic Gymnastics'];
1550674;True;BOJAKOWSKI Konrad;Male;Judge;J;POL;Poland;Poland;['Trampoline Gymnastics'];
1550675;True;BOUROVA Roumiana;Female;Judge;J;BEL;Belgium;Belgium;['Rhythmic Gymnastics'];
1550689;True;DEUTSCH LAZSANYI Erika;Female;Judge;J;HUN;Hungary;Hungary;['Rhythmic Gymnastics'];
1550693;True;FILIPSKY Rebecca;Female;Judge;J;AUT;Austria;Austria;['Trampoline Gymnastics'];
1550694;True;GAIDA Viola;Female;Judge;J;GER;Germany;Germany;['Trampoline Gymnastics'];
1550695;True;OLIVEIRA Joao;Male;Judge;J;POR;Portugal;Portugal;['Trampoline Gymnastics'];
1550700;True;HALMU Delia;Female;Judge;J;AUS;Australia;Australia;['Rhythmic Gymnastics'];
1550707;True;JONES Andrew;Male;Judge;J;GBR;Great Britain;Great Britain;['Trampoline Gymnastics'];
1550709;True;KHOPERIA Rusudan;Female;Judge;J;GEO;Georgia;Georgia;['Trampoline Gymnastics'];
1550715;True;LHER Catherine Marie Andree;Female;Judge;J;FRA;France;France;['Rhythmic Gymnastics'];
1550723;True;MLEJNKOVA Blanka;Female;Judge;J;CZE;Czechia;Czechia;['Rhythmic Gymnastics'];
1550724;True;MROZINSKA Anna;Female;Judge;J;POL;Poland;Poland;['Rhythmic Gymnastics'];
1550725;True;NAVA ACEVES Paulina;Female;Judge;J;MEX;Mexico;Mexico;['Trampoline Gymnastics'];
1550729;True;PAZOS SANCHEZ RUBIO Maria Inmacula.;Female;Judge;J;ESP;Spain;Spain;['Trampoline Gymnastics'];
1550730;True;PITKANEN Saila;Female;Judge;J;FIN;Finland;Finland;['Rhythmic Gymnastics'];
1550736;True;REHOROVA Martina;Female;Judge;J;CZE;Czechia;Czechia;['Trampoline Gymnastics'];
1550753;True;SUZUKI Aoi;Female;Judge;J;JPN;Japan;Japan;['Rhythmic Gymnastics'];
1550762;True;van WETERING Babette;Female;Judge;J;NED;Netherlands;Netherlands;['Trampoline Gymnastics'];
1550763;True;VANGELOVA Mariya;Female;Judge;J;BUL;Bulgaria;Bulgaria;['Trampoline Gymnastics'];
1550776;True;BEKTUROVA Alua;Female;Judge;J;KAZ;Kazakhstan;Kazakhstan;['Rhythmic Gymnastics'];
1557225;True;STROOBANTS Marine;Female;Referee;J;BEL;Belgium;Belgium;['Judo'];
1560199;True;FISCHER Matthias;Male;Referee;J;GER;Germany;Germany;['Judo'];
1560200;True;LAMPE Nusa;Female;Referee;J;SLO;Slovenia;Slovenia;['Judo'];
1560201;True;CHYURLIA Pasquale;Male;Referee;J;ITA;Italy;Italy;['Judo'];
1560211;True;FREITAS Leandra;Female;Referee;J;POR;Portugal;Portugal;['Judo'];
1562036;True;SHMAKOV Vladimir;Male;Referee;J;UZB;Uzbekistan;Uzbekistan;['Judo'];
1562711;True;MIGLIORINI Sergio;Male;Medical Delegate;J;ITA;Italy;Italy;['Triathlon'];
1563015;True;BOUHEDDOU Mohamed;Male;Referee;J;FRA;France;France;['Judo'];
1563830;True;SZOKE Andor;Male;Referee;J;HUN;Hungary;Hungary;['Judo'];
1563872;True;GALEA Louisa;Female;Referee;J;MLT;Malta;Malta;['Judo'];
1563891;True;BILIC Miroslav;Male;Referee;J;SLO;Slovenia;Slovenia;['Judo'];
1563909;True;DELIU Denisa;Female;Referee;J;ROU;Romania;Romania;['Judo'];
1563980;True;BEREGSZASZI Zita;Female;Referee;J;HUN;Hungary;Hungary;['Judo'];
1564197;True;SANCHEZ del CAMPO Ana;Female;Jury Chair;J;WS;World Sailing;World Sailing;['Sailing'];
1564543;True;WU Jingyu;Female;Referee;J;WT;World Taekwondo;World Taekwondo;['Taekwondo'];
1564544;True;MAGABLEH Maher;Male;Referee;J;WT;World Taekwondo;World Taekwondo;['Taekwondo'];
1564548;True;KIM Song Chul;Male;Referee;J;WT;World Taekwondo;World Taekwondo;['Taekwondo'];
1566303;True;ANDERSEN Jacob;Male;Jury Member;J;DEN;Denmark;Denmark;['Sailing'];
1566308;True;FERRANDIZ RUIZ Luis;Male;Jury Member;J;ESP;Spain;Spain;['Sailing'];
1566313;True;NAPIER Jon;Male;Jury Member;J;GBR;Great Britain;Great Britain;['Sailing'];
1566318;True;HEREDIA Gonzalo;Male;Jury Member;J;ARG;Argentina;Argentina;['Sailing'];
1566319;True;YOVKOVA Iskra;Female;Jury Member;J;BUL;Bulgaria;Bulgaria;['Sailing'];
1566455;True;BOROCZ Bence;Male;Jury Member;J;HUN;Hungary;Hungary;['Sailing'];
1566468;True;JEONG Sungchul;Male;Jury Member;J;KOR;Korea;Republic of Korea;['Sailing'];
1566473;True;GROSVENOR Sandy;Female;Jury Member;J;USA;United States;United States of America;['Sailing'];
1566474;True;GUERRA Rodrigo;Male;Jury Member;J;URU;Uruguay;Uruguay;['Sailing'];
1566475;True;LEWANDOWSKA Anastazja;Female;Jury Member;J;POL;Poland;Poland;['Sailing'];
1566476;True;LINDSAY Chris;Male;Jury Member;J;IRL;Ireland;Ireland;['Sailing'];
1566480;True;MOOKKEN Selvam;Male;Jury Member;J;SGP;Singapore;Singapore;['Sailing'];
1566482;True;ORTENDAHL Christina;Female;Jury Member;J;SWE;Sweden;Sweden;['Sailing'];
1566488;True;SCOTT Luke;Male;Jury Member;J;RSA;South Africa;South Africa;['Sailing'];
1566489;True;STANIKIC Mina;Female;Jury Member;J;SRB;Serbia;Serbia;['Sailing'];
1570413;True;D'URBANO Francesco Jacopo;Male;Judge;J;WSK;World Skate;World Skate;['Skateboarding'];
1571122;True;ALSHATHRI A Rahman;Male;Judge;J;FIG;FIG;International Gymnastics Federation;['Artistic Gymnastics', 'Rhythmic Gymnastics', 'Trampoline Gymnastics'];
1571123;True;KIM Nellia;Female;Judge;J;FIG;FIG;International Gymnastics Federation;['Artistic Gymnastics', 'Rhythmic Gymnastics', 'Trampoline Gymnastics'];
1571124;True;TITOV Vasilii;Male;Judge;J;FIG;FIG;International Gymnastics Federation;['Artistic Gymnastics', 'Rhythmic Gymnastics', 'Trampoline Gymnastics'];
1571143;True;ALIPRANDI Elena;Female;Judge;J;FIG;FIG;International Gymnastics Federation;['Rhythmic Gymnastics'];09/04/1975
1571146;True;DRAGAS Spela;Female;Judge;J;SLO;Slovenia;Slovenia;['Rhythmic Gymnastics'];
1571149;True;IEROMINA Nataliia;Female;Judge;J;UKR;Ukraine;Ukraine;['Rhythmic Gymnastics'];
1893012;True;CHIARI Roberto;Male;Referee;J;FIBA;FIBA;International Basketball Federation;['Basketball'];
1893016;True;THOMSON Mike;Male;Referee;J;FIBA;FIBA;International Basketball Federation;['Basketball'];
1893040;True;DUPUCHE Crystal;Female;Referee;J;FIBA;FIBA;International Basketball Federation;['Basketball'];
1893057;True;VAQUERA Alejandro;Male;Referee;J;FIBA;FIBA;International Basketball Federation;['Basketball'];
1893105;True;SHAFAGHI Shahrad;Male;Referee;J;FIBA;FIBA;International Basketball Federation;['Basketball'];
1893111;True;KAUPPINEN Hannu;Male;Referee;J;FIBA;FIBA;International Basketball Federation;['Basketball'];
1893239;True;CASTRO Antonio;Male;Referee;J;CUB;Cuba;Cuba;['Judo'];
1893241;True;MURADOV Abdullo;Male;Referee;J;UZB;Uzbekistan;Uzbekistan;['Judo'];
1894925;True;AMANTINO Giseli;Female;Referee;J;BRA;Brazil;Brazil;['Beach Volleyball'];
1894929;True;BOCK Stephen;Male;Referee;J;FIVB;FIVB;International Volleyball Federation;['Volleyball'];
1894942;True;CARVALHO Rui Jorge;Male;Referee;J;POR;Portugal;Portugal;['Beach Volleyball'];
1894943;True;HIEBERT Brian;Male;Referee;J;CAN;Canada;Canada;['Beach Volleyball'];
1894944;True;RENE Karina;Female;Referee;J;ARG;Argentina;Argentina;['Volleyball'];
1894975;True;CRESCENTINI Davide;Male;Referee;J;ITA;Italy;Italy;['Beach Volleyball'];
1894976;True;SIMONOVIC Vladimir;Male;Referee;J;SUI;Switzerland;Switzerland;['Volleyball'];
1894978;True;WANG Lijun;Female;Referee;J;CHN;China;People's Republic of China;['Beach Volleyball'];
1894979;True;BEATIE Brigham;Male;Referee;J;USA;United States;United States of America;['Beach Volleyball'];
1895002;True;SATOMI Mariko;Female;Referee;J;JPN;Japan;Japan;['Beach Volleyball'];
1895006;True;SAAVEDRA CACERES Juan Carlos;Male;Referee;J;COL;Colombia;Colombia;['Beach Volleyball'];
1895007;True;OZBAR Nurper;Female;Referee;J;TUR;Türkiye;Türkiye;['Volleyball'];
1895009;True;IVANOV Ivaylo;Male;Referee;J;BUL;Bulgaria;Bulgaria;['Volleyball'];
1895011;True;DRUART Sylvain;Male;Referee;J;FRA;France;France;['Beach Volleyball'];
1895012;True;MYSZKOWSKA Agnieszka;Female;Referee;J;POL;Poland;Poland;['Beach Volleyball'];
1895013;True;PAPADOGOULAS Charalampos;Male;Referee;J;GRE;Greece;Greece;['Beach Volleyball'];
1895017;True;CESARE Stefano;Male;Referee;J;ITA;Italy;Italy;['Volleyball'];
1895018;True;LEKO Robert;Male;Referee;J;SRB;Serbia;Serbia;['Beach Volleyball'];
1895019;True;GUILLEMETTE Lucie;Female;Challenge Referee;J;CAN;Canada;Canada;['Beach Volleyball'];
1895020;True;GRASS Angela;Female;Referee;J;BRA;Brazil;Brazil;['Volleyball'];
1895021;True;KANDIL Wael;Male;Referee;J;EGY;Egypt;Egypt;['Volleyball'];
1895022;True;BENNETT John;Male;Challenge Referee;J;AUS;Australia;Australia;['Beach Volleyball'];
1895023;True;MOKRY Juraj;Male;Referee;J;SVK;Slovakia;Slovakia;['Volleyball'];
1895025;True;COLLADOS Fabrice;Male;Referee;J;FRA;France;France;['Volleyball'];
1895026;True;RAPISARDA Daniele;Male;Challenge Referee;J;ITA;Italy;Italy;['Volleyball'];
1895027;True;BOUDAYA Taoufik;Male;Challenge Referee;J;TUN;Tunisia;Tunisia;['Volleyball'];
1895028;True;ALROUSI ALHAMMADI Hamid Mohamed Ah.;Male;Referee;J;UAE;UA Emirates;United Arab Emirates;['Volleyball'];
1895031;True;GEROTHODOROS Epaminondas;Male;Referee;J;GRE;Greece;Greece;['Volleyball'];
1895034;True;SUMAVIL Osvaldo;Male;Referee;J;ARG;Argentina;Argentina;['Beach Volleyball'];
1895035;True;BRONISZ Robert;Male;Challenge Referee;J;POL;Poland;Poland;['Beach Volleyball'];
1895037;True;CESPEDES Denny;Male;Referee;J;DOM;Dominican Republic;Dominican Republic;['Volleyball'];
1895038;True;DZIEWIRZ Scott;Male;Referee;J;CAN;Canada;Canada;['Volleyball'];
1895040;True;PADRON Jose Maria;Male;Referee;J;ESP;Spain;Spain;['Beach Volleyball'];
1895042;True;MAROSZEK Wojciech;Male;Referee;J;POL;Poland;Poland;['Volleyball'];
1895047;True;MYOI Sumie;Female;Referee;J;JPN;Japan;Japan;['Volleyball'];
1895048;True;MUKUNDIYUKURI Jean de Dieu;Male;Referee;J;RWA;Rwanda;Rwanda;['Beach Volleyball'];
1897318;True;CSOSZ Imre;Male;Referee;J;HUN;Hungary;Hungary;['Judo'];
1898273;True;HUNT Patrick;Male;Jury Member;J;FIBA;FIBA;International Basketball Federation;['Basketball'];
1898633;True;AL SHUWAILI Ahmed;Male;Referee;J;FIBA;FIBA;International Basketball Federation;['Basketball'];
1898640;True;ANAYA Julio;Male;Referee;J;FIBA;FIBA;International Basketball Federation;['Basketball'];
1898648;True;BAKI Kerem;Male;Referee;J;FIBA;FIBA;International Basketball Federation;['Basketball'];
1898669;True;BARTEL Andres;Male;Referee;J;FIBA;FIBA;International Basketball Federation;['Basketball'];
1898675;True;BATISTA Johnny;Male;Referee;J;FIBA;FIBA;International Basketball Federation;['Basketball'];
1898693;True;BEKER Scott;Male;Referee;J;FIBA;FIBA;International Basketball Federation;['Basketball'];
1898701;True;BERMUDEZ Omar;Male;Referee;J;FIBA;FIBA;International Basketball Federation;['Basketball'];
1898712;True;BONNER Amy;Female;Referee;J;FIBA;FIBA;International Basketball Federation;['Basketball'];
1898728;True;BURNS Blanca;Female;Referee;J;FIBA;FIBA;International Basketball Federation;['Basketball'];
1898782;True;CASTILLO Luis;Male;Referee;J;FIBA;FIBA;International Basketball Federation;['Basketball'];
1898799;True;CHUECA Ariadna;Female;Referee;J;FIBA;FIBA;International Basketball Federation;['Basketball'];
1898911;True;CONDE Antonio;Male;Referee;J;FIBA;FIBA;International Basketball Federation;['Basketball'];
1899120;True;SUTHERLAND Jamie;Male;Jury Member;J;NZL;New Zealand;New Zealand;['Sailing'];
1899125;True;TANAKA Masaaki;Male;Jury Member;J;JPN;Japan;Japan;['Sailing'];
1899135;True;WILMINK E V den BURGER Pauline;Female;Jury Member;J;NED;Netherlands;Netherlands;['Sailing'];
1906878;True;SMAK Wouter;Male;Judge;J;UCI;UCI;Union Cycliste Internationale;['Cycling BMX Freestyle'];
1916068;True;MORARD Tristan;Male;Referee;J;SUI;Switzerland;Switzerland;['Wrestling'];
1916391;True;VILLET Charles;Male;Referee;J;RSA;South Africa;South Africa;['Wrestling'];
1916453;True;BARGAILA Deividas;Male;Referee;J;LTU;Lithuania;Lithuania;['Wrestling'];
1916503;True;VEYRAT Emmanuel;Male;Referee;J;FRA;France;France;['Wrestling'];
1916629;True;BOUAZIZ Youssef;Male;Referee;J;TUN;Tunisia;Tunisia;['Wrestling'];
1916804;True;MENKOVAS Kirilas;Male;Referee;J;LTU;Lithuania;Lithuania;['Wrestling'];
1916826;True;NEDELJKOVIC Leonardo;Male;Referee;J;SRB;Serbia;Serbia;['Wrestling'];
1916838;True;BORJANOVIC Borislav;Male;Referee;J;SRB;Serbia;Serbia;['Wrestling'];
1920697;True;CHIASSON Marcia;Female;Referee;J;CAN;Canada;Canada;['Wrestling'];
1920703;True;KOUTSOPODIOTIS Demetra;Female;Referee;J;CAN;Canada;Canada;['Wrestling'];
1920739;True;SUN Jian;Male;Referee;J;CHN;China;People's Republic of China;['Wrestling'];
1920745;True;OCIC Zvonko;Male;Referee;J;CRO;Croatia;Croatia;['Wrestling'];
1921064;True;SCHEINER Vaclav;Male;Referee;J;CZE;Czechia;Czechia;['Wrestling'];
1921117;True;HIETALA Joonas;Male;Referee;J;FIN;Finland;Finland;['Wrestling'];
1921173;True;TRAN Melanie;Female;Referee;J;FRA;France;France;['Wrestling'];
1922135;True;JIBLADZE Zaza;Male;Referee;J;GEO;Georgia;Georgia;['Wrestling'];
1922182;True;SCHERER Ramona;Female;Referee;J;GER;Germany;Germany;['Wrestling'];
1922183;True;DAHRA Amel;Female;Referee;J;FIBA;FIBA;International Basketball Federation;['Basketball'];
1922369;True;DAVIDSON Yann;Male;Referee;J;FIBA;FIBA;International Basketball Federation;['Basketball'];
1922392;True;SCHMITT Karl Peter;Male;Referee;J;GER;Germany;Germany;['Wrestling'];
1922396;True;FERNANDEZ Juan;Male;Referee;J;FIBA;FIBA;International Basketball Federation;['Basketball'];
1922427;True;GEORGIOU Pavlina;Female;Referee;J;GRE;Greece;Greece;['Wrestling'];
1922432;True;FORSBERG Maj;Female;Referee;J;FIBA;FIBA;International Basketball Federation;['Basketball'];
1922550;True;GYORGYI Viola;Female;Referee;J;FIBA;FIBA;International Basketball Federation;['Basketball'];
1922553;True;LIAKOS Christos;Male;Referee;J;GRE;Greece;Greece;['Wrestling'];
1922569;True;KALLIO Matthew;Male;Referee;J;FIBA;FIBA;International Basketball Federation;['Basketball'];
1922570;True;SLEISZ Gabriella;Female;Referee;J;HUN;Hungary;Hungary;['Wrestling'];
1922591;True;KATO Takaki;Male;Referee;J;FIBA;FIBA;International Basketball Federation;['Basketball'];
1922614;True;KOZLOVSKIS Martins;Male;Referee;J;FIBA;FIBA;International Basketball Federation;['Basketball'];
1922689;True;KREJIC Boris;Male;Referee;J;FIBA;FIBA;International Basketball Federation;['Basketball'];
1923016;True;LEE Jiwoo;Female;Referee;J;KOR;Korea;Republic of Korea;['Wrestling'];
1927242;True;WARWICK Richard Jaydes;Male;Referee;J;WT;World Taekwondo;World Taekwondo;['Taekwondo'];
1928960;True;LISZKA Wojciech;Male;Referee;J;FIBA;FIBA;International Basketball Federation;['Basketball'];
1929700;True;TOOLEY Jim;Male;Jury Member;J;FIBA;FIBA;International Basketball Federation;['Basketball'];
1929719;True;BRENSCHEIDT Wolfgang;Male;Jury Member;J;FIBA;FIBA;International Basketball Federation;['Basketball'];
1929775;True;BARTLETT Michael;Male;Jury Member;J;FIBA;FIBA;International Basketball Federation;['Basketball'];
1932965;True;CAMACHO IBARRA Juan Arturo;Male;Referee;J;MEX;Mexico;Mexico;['Wrestling'];
1933080;True;ABDOELAEV Edmar;Male;Referee;J;NED;Netherlands;Netherlands;['Wrestling'];
1933098;True;HAMMER Thomas;Male;Referee;J;NOR;Norway;Norway;['Wrestling'];
1933258;True;GALVA LEBRON Rafael Abraham;Male;Referee;J;PUR;Puerto Rico;Puerto Rico;['Wrestling'];
1933271;True;CIMPOERU Marius;Male;Referee;J;ROU;Romania;Romania;['Wrestling'];
1933310;True;TORBICA Nikola;Male;Referee;J;SRB;Serbia;Serbia;['Wrestling'];
1933349;True;SJOSTROM Linn;Female;Referee;J;SWE;Sweden;Sweden;['Wrestling'];
1933383;True;SHADGAN Babak;Male;Referee;J;CAN;Canada;Canada;['Wrestling'];
1933394;True;GARCIA Carlos;Male;Referee;J;ESP;Spain;Spain;['Wrestling'];
1933402;True;SILVESTRI Antonio;Male;Referee;J;GER;Germany;Germany;['Wrestling'];
1933411;True;KOIKE Kuninori;Male;Referee;J;JPN;Japan;Japan;['Wrestling'];
1934331;True;KARAS Martin;Male;Judge;J;CZE;Czechia;Czechia;['Skateboarding'];
1934350;True;IWAKATA Rieko;Female;Judge;J;JPN;Japan;Japan;['Skateboarding'];
1934369;True;SANCHEZ Natalia;Female;Judge;J;WSK;World Skate;World Skate;['Skateboarding'];
1934479;True;PICCOLO Ilaria;Female;Judge;J;WSK;World Skate;World Skate;['Skateboarding'];
1934504;True;SCHRODER Laura;Female;Judge;J;GER;Germany;Germany;['Skateboarding'];
1937668;True;KONSTANTINOU Loukas;Male;Referee;J;GRE;Greece;Greece;['Wrestling'];
1937682;True;GYARMATI Ferenc;Male;Referee;J;ROU;Romania;Romania;['Wrestling'];
1937701;True;MESSER KERSTING Thomas;Male;Referee;J;GER;Germany;Germany;['3x3 Basketball', 'Basketball'];
1937705;True;SERNEK Stanislav;Male;Referee;J;SLO;Slovenia;Slovenia;['Wrestling'];
1937758;True;BERTRAND Eric;Male;Referee;J;SUI;Switzerland;Switzerland;['3x3 Basketball'];
1937785;True;HO Edmond;Male;Referee;J;HKG;Hong Kong, China;Hong Kong, China;['3x3 Basketball'];
1937791;True;JANG Tsong Rong;Male;Referee;J;TPE;Chinese Taipei;Chinese Taipei;['Wrestling'];
1937815;True;MICHAELIDES Markos-Elias;Male;Referee;J;SUI;Switzerland;Switzerland;['3x3 Basketball'];
1937848;True;MALISZEWSKI Marek;Male;Referee;J;POL;Poland;Poland;['3x3 Basketball'];
1937858;True;CHAJIDDINE Najib;Male;Referee;J;FRA;France;France;['3x3 Basketball'];
1937879;True;GHIZDAREANU Vlad;Male;Referee;J;ROU;Romania;Romania;['3x3 Basketball'];
1937882;True;GOESSL Casey;Male;Referee;J;USA;United States;United States of America;['Wrestling'];
1937884;True;JURAS Jasmina;Female;Referee;J;SRB;Serbia;Serbia;['3x3 Basketball'];
1937897;True;BOUAZIZ Mohamed Kamel;Male;Referee;J;TUN;Tunisia;Tunisia;['Wrestling'];
1937903;True;SHI Qirong;Female;Referee;J;CHN;China;People's Republic of China;['3x3 Basketball'];
1937919;True;KIM Gain;Female;Referee;J;KOR;Korea;Republic of Korea;['3x3 Basketball'];
1937973;True;CSABAI-KASKOTO Brigitta;Female;Referee;J;HUN;Hungary;Hungary;['3x3 Basketball'];
1937982;True;OKATCH Dorothy;Female;Referee;J;BOT;Botswana;Botswana;['3x3 Basketball'];
1937992;True;NEUMANN Aleisha;Female;Umpire;J;AUS;Australia;Australia;['Hockey'];
1937993;True;KEOGH Alison;Female;Umpire;J;IRL;Ireland;Ireland;['Hockey'];
1937994;True;CHURCH Amber;Female;Umpire;J;NZL;New Zealand;New Zealand;['Hockey'];
1937996;True;McCLEAN Ayanna;Female;Umpire;J;TTO;Trinidad and Tobago;Trinidad and Tobago;['Hockey'];
1938000;True;TAN Cookie;Female;Umpire;J;SGP;Singapore;Singapore;['Hockey'];
1938001;True;BARSTOW Daniel;Male;Umpire;J;GBR;Great Britain;Great Britain;['Hockey'];
1938002;True;TOMLINSON David;Male;Umpire;J;NZL;New Zealand;New Zealand;['Hockey'];
1938004;True;YAMADA Emi;Female;Umpire;J;JPN;Japan;Japan;['Hockey'];
1938006;True;LABATE Gabriel;Male;Umpire;J;ARG;Argentina;Argentina;['Hockey'];
1938007;True;GREENFIELD Gareth;Male;Umpire;J;NZL;New Zealand;New Zealand;['Hockey'];
1938008;True;HARRISON Hannah;Female;Umpire;J;GBR;Great Britain;Great Britain;['Hockey'];
1938009;True;LIM Hong Zhen;Male;Umpire;J;SGP;Singapore;Singapore;['Hockey'];
1938010;True;PRESENQUI Irene;Female;Umpire;J;ARG;Argentina;Argentina;['Hockey'];
1938013;True;JACKSON Deanna;Female;Referee;J;USA;United States;United States of America;['3x3 Basketball'];
1938014;True;VAN'T HEK Jonas;Male;Umpire;J;NED;Netherlands;Netherlands;['Hockey'];
1938015;True;van BUNGE Coen;Male;Umpire;J;NED;Netherlands;Netherlands;['Hockey'];
1938016;True;DELFORGE Laurine;Female;Umpire;J;BEL;Belgium;Belgium;['Hockey'];
1938019;True;GROCHAL Marcin;Male;Umpire;J;POL;Poland;Poland;['Hockey'];
1938022;True;MADDEN Martin;Male;Umpire;J;GBR;Great Britain;Great Britain;['Hockey'];
1938024;True;WILLIAMS Rachel;Female;Umpire;J;GBR;Great Britain;Great Britain;['Hockey'];
1938030;True;WILSON Sarah;Female;Umpire;J;GBR;Great Britain;Great Britain;['Hockey'];
1938032;True;ROGERS Steve;Male;Umpire;J;AUS;Australia;Australia;['Hockey'];
1938039;True;KIREZIEV Nedyalko Kirov;Male;Referee;J;BUL;Bulgaria;Bulgaria;['Wrestling'];
1938090;True;TALISAINEN Alex;Male;Referee;J;EST;Estonia;Estonia;['3x3 Basketball'];
1938097;True;JULIAN Samuel;Male;Referee;J;USA;United States;United States of America;['Wrestling'];
1938099;True;CSENDER Andrada Monika;Female;Referee;J;ROU;Romania;Romania;['3x3 Basketball'];
1938104;True;VESKOVIC Vladimir;Male;Referee;J;SRB;Serbia;Serbia;['3x3 Basketball'];
1938105;True;SYLSTAD Susanna;Female;Referee;J;USA;United States;United States of America;['Wrestling'];
1938619;True;CICIOGLU Ibrahim;Male;Referee;J;TUR;Türkiye;Türkiye;['Wrestling'];
1940919;True;YUCEL Mehmet Gurhan;Male;Referee;J;TUR;Türkiye;Türkiye;['Wrestling'];
1941133;True;BASHIRZADEH NAMADMAL Mehdi;Male;Referee;J;IRI;IR Iran;Islamic Republic of Iran;['Wrestling'];
1941151;True;BLATT Scott;Male;Judge;J;UCI;UCI;Union Cycliste Internationale;['Cycling BMX Freestyle'];
1941720;True;JAZBINSEK Marko;Male;Judge;J;SLO;Slovenia;Slovenia;['Skateboarding'];
1941779;True;DILLEWAARD Dave;Male;Judge;J;AUS;Australia;Australia;['Cycling BMX Freestyle'];
1941791;True;CLEWORTH David;Male;Head Judge;J;GBR;Great Britain;Great Britain;['Cycling BMX Freestyle'];
1942348;True;NIEVAS Alhambra;Female;Referee;J;ESP;Spain;Spain;['Rugby Sevens'];
1942350;True;BLANCO Juan Cruz;Male;Referee;J;WR;World Rugby;World Rugby;['Rugby Sevens'];
1942353;True;VENTER Wanri;Female;Umpire;J;RSA;South Africa;South Africa;['Hockey'];
1942354;True;LEAL Adam;Male;Referee;J;GBR;Great Britain;Great Britain;['Rugby Sevens'];
1942356;True;JUMA James;Male;Referee;J;WR;World Rugby;World Rugby;['Rugby Sevens'];
1942360;True;JOUBERT Craig Paul;Male;Referee;J;WR;World Rugby;World Rugby;['Rugby Sevens'];
1942361;True;MATTHEWS Fran;Female;Referee;J;WR;World Rugby;World Rugby;['Rugby Sevens'];
1942363;True;JOHNSTON Matthew;Male;Referee;J;AUS;Australia;Australia;['Rugby Sevens'];
1942365;True;MATSUO Amy;Female;Referee;J;WR;World Rugby;World Rugby;['Rugby Sevens'];
1942367;True;NOLAN Yvonne;Female;Referee;J;WR;World Rugby;World Rugby;['Rugby Sevens'];
1942368;True;FERGUSON Peter;Male;Referee;J;WR;World Rugby;World Rugby;['Rugby Sevens'];
1942369;True;O'DWYER Carmel;Female;Referee;J;WR;World Rugby;World Rugby;['Rugby Sevens'];
1942370;True;DONAGHER Ronan;Male;Referee;J;WR;World Rugby;World Rugby;['Rugby Sevens'];
1942371;True;O'BRIEN Paddy;Male;Referee;J;NZL;New Zealand;New Zealand;['Rugby Sevens'];
1942372;True;QUINLAN Christopher;Male;Referee;J;WR;World Rugby;World Rugby;['Rugby Sevens'];
1942373;True;KEANE David;Male;Referee;J;IRL;Ireland;Ireland;['Rugby Sevens'];
1942374;True;TWOMEY Cian;Male;Referee;J;WR;World Rugby;World Rugby;['Rugby Sevens'];
1942375;True;GNECCHI Gianluca;Male;Referee;J;ITA;Italy;Italy;['Rugby Sevens'];
1942376;True;DICKENS Beth;Female;Referee;J;WR;World Rugby;World Rugby;['Rugby Sevens'];
1942377;True;ROZIER Jeremy;Male;Referee;J;FRA;France;France;['Rugby Sevens'];
1942378;True;WARD David;Male;Referee;J;WR;World Rugby;World Rugby;['Rugby Sevens'];
1942379;True;ROKOVERENI Tevita;Male;Referee;J;FIJ;Fiji;Fiji;['Rugby Sevens'];
1942380;True;McPHAIL James;Male;Referee;J;NED;Netherlands;Netherlands;['Rugby Sevens'];
1942972;True;WANG Ziling;Female;Referee;J;CHN;China;People's Republic of China;['Volleyball'];
1943350;True;HUGHES Christi;Female;Judge;J;GBR;Great Britain;Great Britain;['Cycling BMX Freestyle'];
1943476;True;RAPAPORT Sean;Male;Umpire;J;RSA;South Africa;South Africa;['Hockey'];
1948013;True;ROSTRON Annelize;Female;Umpire;J;RSA;South Africa;South Africa;['Hockey'];
1948034;True;PRASAD Raghu;Male;Umpire;J;IND;India;India;['Hockey'];
1948172;True;MIKHEYEV Yevgeniy;Male;Referee;J;FIBA;FIBA;International Basketball Federation;['Basketball'];
1948315;True;MOSTAFA Wael;Male;Referee;J;FIBA;FIBA;International Basketball Federation;['Basketball'];
1948497;True;NOUJAIM Rabah;Male;Referee;J;FIBA;FIBA;International Basketball Federation;['Basketball'];
1948922;True;PERALTA Carlos;Male;Referee;J;FIBA;FIBA;International Basketball Federation;['Basketball'];
1949000;True;PAEZ Kristian;Male;Referee;J;FIBA;FIBA;International Basketball Federation;['Basketball'];
1949352;True;JURGENS Axel;Male;Judge;J;ARG;Argentina;Argentina;['Cycling BMX Freestyle'];
1956115;True;KACHINSKY Brian;Male;Judge;J;USA;United States;United States of America;['Cycling BMX Freestyle'];
1956714;True;NOIROT Romuald;Male;Judge;J;FRA;France;France;['Cycling BMX Freestyle'];
1957925;True;TOSI Fulvia;Female;Judge;J;ITA;Italy;Italy;['Cycling BMX Freestyle'];
1958435;True;McGARRIGLE Ben;Male;Referee;J;IRL;Ireland;Ireland;['Boxing'];
1958462;True;REESE Shawn;Male;Referee;J;USA;United States;United States of America;['Boxing'];
1958696;True;ALTAYEV Alisher;Male;Referee;J;KAZ;Kazakhstan;Kazakhstan;['Boxing'];
1958816;True;MOUHNI Abderrazzak;Male;Referee;J;FRA;France;France;['Boxing'];
1958835;True;BABANLI Anar;Male;Judge;J;PBU;PBU;Paris 2024 Boxing Unit;['Boxing'];
1958863;True;FERREIRA Emanuel;Male;Referee;J;PUR;Puerto Rico;Puerto Rico;['Boxing'];
1958875;True;PASTOR ARREAGA Emerson Alejandro;Male;Referee;J;GUA;Guatemala;Guatemala;['Boxing'];
1959180;True;SCHNEIDER Jill;Female;Jury Member;J;FIBA;FIBA;International Basketball Federation;['Basketball'];
1963610;True;PRAKSCH Peter;Male;Referee;J;FIBA;FIBA;International Basketball Federation;['Basketball'];
1963689;True;RENEAU Jenna;Female;Referee;J;FIBA;FIBA;International Basketball Federation;['Basketball'];
1963755;True;ROSSO Yohan;Male;Referee;J;FIBA;FIBA;International Basketball Federation;['Basketball'];
1963769;True;SALINS Gatis;Male;Referee;J;FIBA;FIBA;International Basketball Federation;['Basketball'];
1963784;True;VAZQUEZ Roberto;Male;Referee;J;FIBA;FIBA;International Basketball Federation;['Basketball'];
1963816;True;VULIC Martin;Male;Referee;J;FIBA;FIBA;International Basketball Federation;['Basketball'];
1963832;True;ZURAPOVIC Ademir;Male;Referee;J;FIBA;FIBA;International Basketball Federation;['Basketball'];
1963904;True;MALO Maripier;Female;Referee;J;FIBA;FIBA;International Basketball Federation;['Basketball'];
1963920;True;MAZZONI Manuel;Male;Referee;J;FIBA;FIBA;International Basketball Federation;['Basketball'];
1969254;True;LATOS Maria;Female;Referee;J;GER;Germany;Germany;['Rugby Sevens'];
1969255;True;FERREIRA Morne;Male;Referee;J;RSA;South Africa;South Africa;['Rugby Sevens'];
1969256;True;BREAKSPEAR Ben;Male;Referee;J;GBR;Great Britain;Great Britain;['Rugby Sevens'];
1969257;True;DUARTE Paulo;Male;Referee;J;POR;Portugal;Portugal;['Rugby Sevens'];
1969258;True;WAY Jordan;Male;Referee;J;AUS;Australia;Australia;['Rugby Sevens'];
1969260;True;HOGAN Nick;Male;Referee;J;NZL;New Zealand;New Zealand;['Rugby Sevens'];
1969261;True;RACACA Lavenia;Female;Referee;J;FIJ;Fiji;Fiji;['Rugby Sevens'];
1969262;True;CARTER Jennifer;Female;Referee;J;WR;World Rugby;World Rugby;['Rugby Sevens'];
1969263;True;COGGER-ORR Maggie;Female;Referee;J;NZL;New Zealand;New Zealand;['Rugby Sevens'];
1969264;True;RODDEN Matt;Male;Referee;J;NZL;New Zealand;New Zealand;['Rugby Sevens'];
1969265;True;SELWOOD George;Male;Referee;J;GBR;Great Britain;Great Britain;['Rugby Sevens'];
1969266;True;LOPEZ Cisco;Male;Referee;J;USA;United States;United States of America;['Rugby Sevens'];
1969267;True;KUWAI Ano;Female;Referee;J;JPN;Japan;Japan;['Rugby Sevens'];
1969268;True;LOOK Michelle;Female;Referee;J;WR;World Rugby;World Rugby;['Rugby Sevens'];
1969271;True;GONZALEZ Francisco;Male;Referee;J;URU;Uruguay;Uruguay;['Rugby Sevens'];
1969272;True;WATTERS Phil;Male;Referee;J;GBR;Great Britain;Great Britain;['Rugby Sevens'];
1969273;True;CHAUDHRY Talal-Azmat;Male;Referee;J;CAN;Canada;Canada;['Rugby Sevens'];
1969274;True;CHAN Craig;Male;Referee;J;HKG;Hong Kong, China;Hong Kong, China;['Rugby Sevens'];
1969278;True;BROWN Finlay;Male;Referee;J;GBR;Great Britain;Great Britain;['Rugby Sevens'];
1969280;True;ROCHE Kat;Female;Referee;J;USA;United States;United States of America;['Rugby Sevens'];
1969282;True;ARCHER Jamie;Male;Referee;J;WR;World Rugby;World Rugby;['Rugby Sevens'];
1969286;True;JACOBS Aj;Male;Referee;J;RSA;South Africa;South Africa;['Rugby Sevens'];
1972217;True;GURBANALIYEV Emil;Male;Referee;J;AZE;Azerbaijan;Azerbaijan;['Boxing'];
1972380;True;MILAN PONCE Juan;Male;Judge;J;PBU;PBU;Paris 2024 Boxing Unit;['Boxing'];
1978063;True;RAMOS Armando;Male;Referee;J;FIBA;FIBA;International Basketball Federation;['Basketball'];
1978746;True;JULIEN Chantal;Female;Referee;J;FIBA;FIBA;International Basketball Federation;['Basketball'];
1979320;True;PALVANOV Alisher;Male;Referee;J;UZB;Uzbekistan;Uzbekistan;['Boxing'];
1979476;True;MUHIDDINOV Mansur;Male;Judge;J;PBU;PBU;Paris 2024 Boxing Unit;['Boxing'];
1979504;True;DROZ Nicolas;Male;Judge;J;FRA;France;France;['Skateboarding'];
1979546;True;JUMANIYAZOV Bahodir;Male;Judge;J;PBU;PBU;Paris 2024 Boxing Unit;['Boxing'];
1984366;True;KEANE Reuben;Male;Referee;J;AUS;Australia;Australia;['Rugby Sevens'];
1984367;True;MILLER Tyler;Female;Referee;J;AUS;Australia;Australia;['Rugby Sevens'];
1986901;True;LEE Jaewook;Male;Referee;J;WT;World Taekwondo;World Taekwondo;['Taekwondo'];
1988167;True;MGBILITY;Male;Head Judge;J;SVK;Slovakia;Slovakia;['Breaking'];
1990684;True;CHIAMPAS George;Male;Referee;J;USA;United States;United States of America;['Football'];
1990685;True;DUEHMERT Katharina;Female;Referee;J;GER;Germany;Germany;['Football'];
1990686;True;FEKE Penateti;Female;Referee;J;TGA;Tonga;Tonga;['Football'];
1990687;True;FUSTAGNO Fiorella;Female;Referee;J;ITA;Italy;Italy;['Football'];
1990688;True;TERRA Tadeu;Male;Referee;J;BRA;Brazil;Brazil;['Football'];
1990690;True;BILLINGHAM Johsan;Male;Referee;J;GBR;Great Britain;Great Britain;['Football'];
1990691;True;BOYCE Steve;Male;Referee;J;GBR;Great Britain;Great Britain;['Football'];
1990692;True;CARPINTEIRO ZIMMERMANN Philip;Male;Referee;J;GER;Germany;Germany;['Football'];
1990693;True;DEAN Pauline;Female;Referee;J;NZL;New Zealand;New Zealand;['Football'];
1990695;True;ARAUJO Joao;Male;Referee;J;POR;Portugal;Portugal;['Football'];
1990697;True;FOFI Lorenzo;Male;Referee;J;ITA;Italy;Italy;['Football'];
1990698;True;HAMARSHA Zeina;Female;Referee;J;JOR;Jordan;Jordan;['Football'];
1990700;True;ILIC James;Male;Referee;J;AUS;Australia;Australia;['Football'];
1990702;True;LEE Jae;Male;Referee;J;KOR;Korea;Republic of Korea;['Football'];
1990703;True;LENA Felix;Male;Referee;J;USA;United States;United States of America;['Football'];
1990704;True;MACLEAN John;Male;Referee;J;GBR;Great Britain;Great Britain;['Football'];
1990705;True;MATEOS Andres;Male;Referee;J;ESP;Spain;Spain;['Football'];
1990706;True;MERZOUK Mehdi;Male;Referee;J;FRA;France;France;['Football'];
1990707;True;PATEL Sameer;Male;Referee;J;GBR;Great Britain;Great Britain;['Football'];
1990710;True;SCHEPERBOER Coen;Male;Referee;J;NED;Netherlands;Netherlands;['Football'];
1990711;True;SHENOUDA Emad;Male;Referee;J;CAN;Canada;Canada;['Football'];
1990714;True;TOBIAS Guillermo;Male;Referee;J;URU;Uruguay;Uruguay;['Football'];
1990715;True;UCHIDA Shintaro;Male;Referee;J;JPN;Japan;Japan;['Football'];
1990716;True;VELASQUEZ Pedro;Male;Referee;J;GUA;Guatemala;Guatemala;['Football'];
1990717;True;WEILER Richard;Male;Referee;J;GER;Germany;Germany;['Football'];
1990718;True;TAVARES Eduardo;Male;Referee;J;POR;Portugal;Portugal;['Football'];
1990719;True;DAI Jessie;Female;Referee;J;CHN;China;People's Republic of China;['Football'];
1990720;True;LUZANOV Pavel;Male;Referee;J;KGZ;Kyrgyzstan;Kyrgyzstan;['Football'];
1990721;True;NASSAR Khaled;Male;Referee;J;EGY;Egypt;Egypt;['Football'];
1990736;True;DACOSTA Latoya;Female;Referee;J;JAM;Jamaica;Jamaica;['Football'];
1990795;True;MUKAI Naoko;Female;Judge;J;FIG;FIG;International Gymnastics Federation;['Artistic Gymnastics', 'Rhythmic Gymnastics', 'Trampoline Gymnastics'];
1990866;True;CACHEMAILLE Celine;Female;Judge;J;FIG;FIG;International Gymnastics Federation;['Artistic Gymnastics', 'Rhythmic Gymnastics', 'Trampoline Gymnastics'];
1990867;True;DETRAZ Stephane;Male;Judge;J;FIG;FIG;International Gymnastics Federation;['Artistic Gymnastics', 'Rhythmic Gymnastics', 'Trampoline Gymnastics'];
1990868;True;MARTINET Sylvie;Female;Judge;J;FIG;FIG;International Gymnastics Federation;['Artistic Gymnastics', 'Rhythmic Gymnastics', 'Trampoline Gymnastics'];
1990869;True;VINAGRE Rui;Male;Judge;J;FIG;FIG;International Gymnastics Federation;['Artistic Gymnastics', 'Rhythmic Gymnastics', 'Trampoline Gymnastics'];
1990870;True;TERRIER Zina;Female;Judge;J;FIG;FIG;International Gymnastics Federation;['Artistic Gymnastics', 'Rhythmic Gymnastics', 'Trampoline Gymnastics'];
1991692;True;SEN Levent;Male;Referee;J;TUR;Türkiye;Türkiye;['Wrestling'];
1991697;True;HALAWA Sherif;Male;Referee;J;EGY;Egypt;Egypt;['Wrestling'];
1991704;True;TRAI Belkacem;Male;Referee;J;ALG;Algeria;Algeria;['Wrestling'];
1993466;True;BASTIAN Beatrice;Female;Judge;J;PBU;PBU;Paris 2024 Boxing Unit;['Boxing'];
1993467;True;BECKLES James;Male;Judge;J;PBU;PBU;Paris 2024 Boxing Unit;['Boxing'];
1993468;True;BILETSKYI Igor;Male;Judge;J;PBU;PBU;Paris 2024 Boxing Unit;['Boxing'];
1993469;True;CELEA Cristian-Georgica;Male;Judge;J;PBU;PBU;Paris 2024 Boxing Unit;['Boxing'];
1993470;True;COBZAC Ramona Manuela;Female;Judge;J;PBU;PBU;Paris 2024 Boxing Unit;['Boxing'];
1993544;True;SANKO Barbara;Female;Judge;J;PBU;PBU;Paris 2024 Boxing Unit;['Boxing'];
1993545;True;FISCHER Angelika;Female;Judge;J;PBU;PBU;Paris 2024 Boxing Unit;['Boxing'];
1993546;True;DREKE Erich;Male;Judge;J;PBU;PBU;Paris 2024 Boxing Unit;['Boxing'];
1993547;True;EMERY Doug;Male;Judge;J;PBU;PBU;Paris 2024 Boxing Unit;['Boxing'];
1993548;True;MORLEY Ray;Male;Judge;J;PBU;PBU;Paris 2024 Boxing Unit;['Boxing'];
1993549;True;SALVO Hernan;Male;Judge;J;PBU;PBU;Paris 2024 Boxing Unit;['Boxing'];
1993550;True;SANCHEZ Armando;Male;Judge;J;PBU;PBU;Paris 2024 Boxing Unit;['Boxing'];
1993551;True;SANTI Bernardino;Male;Judge;J;PBU;PBU;Paris 2024 Boxing Unit;['Boxing'];
1993552;True;SCAPPA Chiara;Female;Judge;J;PBU;PBU;Paris 2024 Boxing Unit;['Boxing'];
1993553;True;SHEVELOVA Olha;Female;Judge;J;PBU;PBU;Paris 2024 Boxing Unit;['Boxing'];
1993554;True;SHTYFURA Polina;Female;Judge;J;PBU;PBU;Paris 2024 Boxing Unit;['Boxing'];
1993555;True;SOTO Andrews L;Male;Judge;J;PBU;PBU;Paris 2024 Boxing Unit;['Boxing'];
1993556;True;TRIKALIOTIS Panagiotis;Male;Judge;J;PBU;PBU;Paris 2024 Boxing Unit;['Boxing'];
1993557;True;VILLARREAL Angel Luis;Male;Judge;J;PBU;PBU;Paris 2024 Boxing Unit;['Boxing'];
1993558;True;WONG William Alexander;Male;Judge;J;PBU;PBU;Paris 2024 Boxing Unit;['Boxing'];
1993629;True;DAWANI Nadin;Female;Referee;J;WT;World Taekwondo;World Taekwondo;['Taekwondo'];
1994107;True;RAVEL Stephanie;Female;Judge;J;PBU;PBU;Paris 2024 Boxing Unit;['Boxing'];
1994108;True;MENARA Mario;Male;Judge;J;PBU;PBU;Paris 2024 Boxing Unit;['Boxing'];
1994109;True;HADJRI Mokhtar;Male;Judge;J;PBU;PBU;Paris 2024 Boxing Unit;['Boxing'];
1994110;True;GOSSELIN Severine;Female;Judge;J;PBU;PBU;Paris 2024 Boxing Unit;['Boxing'];
1994111;True;SILBERMANN Philippe;Male;Judge;J;PBU;PBU;Paris 2024 Boxing Unit;['Boxing'];
1994112;True;OUBAALI S Mail;Male;Judge;J;PBU;PBU;Paris 2024 Boxing Unit;['Boxing'];
1994151;True;GUILLEMOT Vincent;Male;Referee;J;IHF;IHF;International Handball Federation;['Handball'];
1994152;True;LEFORT Yohan;Male;Referee;J;IHF;IHF;International Handball Federation;['Handball'];
1994153;True;CASTAGNO Frederic;Male;Referee;J;IHF;IHF;International Handball Federation;['Handball'];
1994154;True;GRUMEL Nicolas;Male;Referee;J;IHF;IHF;International Handball Federation;['Handball'];
1994155;True;RICHEL Marie;Female;Referee;J;IHF;IHF;International Handball Federation;['Handball'];
1994156;True;VINCENT Tatiana;Female;Referee;J;IHF;IHF;International Handball Federation;['Handball'];
1994157;True;PRUDHOMME Eddy;Male;Referee;J;IHF;IHF;International Handball Federation;['Handball'];
1994158;True;LAMY Jacques;Male;Referee;J;IHF;IHF;International Handball Federation;['Handball'];
1994159;True;RENAULT Romain;Male;Referee;J;IHF;IHF;International Handball Federation;['Handball'];
1994160;True;de la CROIX Marie Laure;Female;Referee;J;IHF;IHF;International Handball Federation;['Handball'];
1994161;True;NOUVEL Jerome;Male;Referee;J;IHF;IHF;International Handball Federation;['Handball'];
1994162;True;BENRHAZAL Mohamed;Male;Referee;J;IHF;IHF;International Handball Federation;['Handball'];
1994163;True;SMITS Nathalie;Female;Referee;J;IHF;IHF;International Handball Federation;['Handball'];
1994164;True;CARON Christophe;Male;Referee;J;IHF;IHF;International Handball Federation;['Handball'];
1994165;True;FERRIER Eduardo;Male;Referee;J;IHF;IHF;International Handball Federation;['Handball'];
1994166;True;EL MEDIOUNI Najet;Female;Referee;J;IHF;IHF;International Handball Federation;['Handball'];
1994167;True;VAILLANT Patrice;Male;Referee;J;IHF;IHF;International Handball Federation;['Handball'];
1994168;True;CALLIGARIS Laurent;Male;Referee;J;IHF;IHF;International Handball Federation;['Handball'];
1994169;True;CALLIGARIS Florian;Male;Referee;J;IHF;IHF;International Handball Federation;['Handball'];
1994170;True;VERCHERE Thomas;Male;Referee;J;IHF;IHF;International Handball Federation;['Handball'];
1994171;True;THOMAZO Alann;Male;Referee;J;IHF;IHF;International Handball Federation;['Handball'];
1994172;True;LEIDWANGER Stephane;Male;Referee;J;IHF;IHF;International Handball Federation;['Handball'];
1994173;True;BOBIN Thierry;Male;Referee;J;IHF;IHF;International Handball Federation;['Handball'];
1994174;True;SOBOLEWSKI Detlef;Male;Referee;J;IHF;IHF;International Handball Federation;['Handball'];
1994175;True;VERNET Gauthier;Male;Referee;J;IHF;IHF;International Handball Federation;['Handball'];
1994177;True;DAVID Audrey;Female;Referee;J;IHF;IHF;International Handball Federation;['Handball'];
1994178;True;PICARD Sylvie;Female;Referee;J;IHF;IHF;International Handball Federation;['Handball'];
1994179;True;GRALL LEMAITRE Flore;Female;Referee;J;IHF;IHF;International Handball Federation;['Handball'];
1994180;True;ALMEIDA Manuel;Male;Referee;J;IHF;IHF;International Handball Federation;['Handball'];
1994181;True;COQUIN Johann;Male;Referee;J;IHF;IHF;International Handball Federation;['Handball'];
1994182;True;GANDON Maxime;Male;Referee;J;IHF;IHF;International Handball Federation;['Handball'];
1994183;True;CAPLIEZ Virginie;Female;Referee;J;IHF;IHF;International Handball Federation;['Handball'];
1994510;True;ABUJABER Iman;Female;Referee;J;PLE;Palestine;Palestine;['Football'];
1995222;True;MEARY Aurelia;Female;Referee;J;FRA;France;France;['3x3 Basketball'];
1995226;True;BOIRE Elise;Female;Referee;J;FRA;France;France;['3x3 Basketball'];
1995228;True;BOUTONNET Gregoire;Male;Referee;J;FRA;France;France;['3x3 Basketball'];
1995229;True;PREL Nicolas;Male;Referee;J;FRA;France;France;['3x3 Basketball'];
1995231;True;TAEYE Corinne;Female;Referee;J;FRA;France;France;['3x3 Basketball'];
1995232;True;FAYS Francois;Male;Referee;J;FRA;France;France;['3x3 Basketball'];
1995233;True;FOREST Alexis;Male;Referee;J;FRA;France;France;['3x3 Basketball'];
1995236;True;MECHIN Celine;Female;Referee;J;FRA;France;France;['3x3 Basketball'];
1995237;True;SEVAUX Arnaud;Male;Referee;J;FRA;France;France;['3x3 Basketball'];
1995239;True;CORTINOVIS BEGLOT Chloe;Female;Referee;J;FRA;France;France;['3x3 Basketball'];
1995240;True;HENON Sandrine;Female;Referee;J;FRA;France;France;['3x3 Basketball'];
1995244;True;FRANCOIS Cedric;Male;Referee;J;FRA;France;France;['3x3 Basketball'];
1997639;True;FROST;Female;Judge B;J;GER;Germany;Germany;['Breaking'];
1997650;True;DOM-K;Male;Judge H;J;FRA;France;France;['Breaking'];
1997675;True;JESS;Female;Judge E;J;ESP;Spain;Spain;['Breaking'];
1997676;True;INTACT;Male;Judge I;J;UKR;Ukraine;Ukraine;['Breaking'];
1998243;True;MIGAZ;Male;Judge D;J;BRA;Brazil;Brazil;['Breaking'];
2003348;True;VIRUS;Male;Judge G;J;KOR;Korea;Republic of Korea;['Breaking'];
2005147;True;ABATTI Ramon;Male;Referee;J;BRA;Brazil;Brazil;['Football'];
2005151;True;AL NAQBI Adel;Male;Referee;J;UAE;UA Emirates;United Arab Emirates;['Football'];
2005153;True;ALVES Edina;Female;Referee;J;BRA;Brazil;Brazil;['Football'];
2005159;True;BEIDA Dahane;Male;Referee;J;MTN;Mauritania;Mauritania;['Football'];
2005161;True;BERNATSKAIA Veronika;Female;Referee;J;KGZ;Kyrgyzstan;Kyrgyzstan;['Football'];
2005166;True;CALDERAS Emikar;Female;Referee;J;VEN;Venezuela;Venezuela;['Football'];
2005170;True;CVETKOVIC Jelena;Female;Referee;J;SRB;Serbia;Serbia;['Football'];
2005179;True;ESKAS Espen;Male;Referee;J;NOR;Norway;Norway;['Football'];
2005180;True;FALCON Yael;Male;Referee;J;ARG;Argentina;Argentina;['Football'];
2005181;True;FERNANDEZ Anahi;Female;Referee;J;URU;Uruguay;Uruguay;['Football'];
2005182;True;FISCHER Drew;Male;Referee;J;CAN;Canada;Canada;['Football'];
2005183;True;GARCIA Katia;Female;Referee;J;MEX;Mexico;Mexico;['Football'];
2005188;True;KARBOUBI Bouchra;Female;Referee;J;MAR;Morocco;Morocco;['Football'];
2005189;True;KAWANA-WAUGH Campbell-Kirk;Male;Referee;J;NZL;New Zealand;New Zealand;['Football'];
2005190;True;KIM Yujeong;Female;Referee;J;KOR;Korea;Republic of Korea;['Football'];
2005191;True;KLARLUND Frida;Female;Referee;J;DEN;Denmark;Denmark;['Football'];
2005193;True;LETEXIER Francois;Male;Referee;J;FRA;France;France;['Football'];
2005195;True;MARTINEZ Said;Male;Referee;J;HON;Honduras;Honduras;['Football'];
2005200;True;NYBERG Glenn;Male;Referee;J;SWE;Sweden;Sweden;['Football'];
2005201;True;OLOFSSON Tess;Female;Referee;J;SWE;Sweden;Sweden;['Football'];
2005206;True;PENSO Tori;Female;Referee;J;USA;United States;United States of America;['Football'];
2005218;True;WELCH Rebecca;Female;Referee;J;GBR;Great Britain;Great Britain;['Football'];
2005219;True;YAMASHITA Yoshimi;Female;Referee;J;JPN;Japan;Japan;['Football'];
2005674;True;LAUKKANEN Anna;Female;Judge;J;PBU;PBU;Paris 2024 Boxing Unit;['Boxing'];
2005675;True;WILSON Rosalind;Female;Judge;J;PBU;PBU;Paris 2024 Boxing Unit;['Boxing'];
2005676;True;MACDIARMADA Diarmuid;Male;Judge;J;PBU;PBU;Paris 2024 Boxing Unit;['Boxing'];
2005677;True;NORFORD Micky;Male;Judge;J;PBU;PBU;Paris 2024 Boxing Unit;['Boxing'];
2005678;True;PENA CLEMENTE Felix Francisco;Male;Judge;J;PBU;PBU;Paris 2024 Boxing Unit;['Boxing'];
2005679;True;BLANCHARD Edward;Male;Judge;J;PBU;PBU;Paris 2024 Boxing Unit;['Boxing'];
2005680;True;BOBINAS Vilmantas;Male;Judge;J;PBU;PBU;Paris 2024 Boxing Unit;['Boxing'];
2005681;True;CALO-OY Mark;Male;Judge;J;PBU;PBU;Paris 2024 Boxing Unit;['Boxing'];
2005682;True;CANNELL Geoffrey;Male;Judge;J;PBU;PBU;Paris 2024 Boxing Unit;['Boxing'];
2005683;True;DAHLEN Geir;Male;Referee;J;NOR;Norway;Norway;['Boxing'];
2005684;True;BEKI Piroska;Female;Referee;J;HUN;Hungary;Hungary;['Boxing'];
2005685;True;DUNAR Cem;Male;Referee;J;NED;Netherlands;Netherlands;['Boxing'];
2005686;True;FALORNI Paola;Female;Judge;J;PBU;PBU;Paris 2024 Boxing Unit;['Boxing'];
2005687;True;FRANCHI Carlo;Male;Judge;J;PBU;PBU;Paris 2024 Boxing Unit;['Boxing'];
2005688;True;GASPAR Antonin;Male;Referee;J;CZE;Czechia;Czechia;['Boxing'];
2005690;True;HANEVICS Leonids;Male;Judge;J;PBU;PBU;Paris 2024 Boxing Unit;['Boxing'];
2005691;True;KOPKE Susann;Female;Referee;J;GER;Germany;Germany;['Boxing'];
2005692;True;LYUBARSKYY Yuriy;Male;Judge;J;PBU;PBU;Paris 2024 Boxing Unit;['Boxing'];
2005693;True;MELISS Dmitri;Male;Referee;J;EST;Estonia;Estonia;['Boxing'];
2005694;True;MIETLA Kazimierz;Male;Judge;J;PBU;PBU;Paris 2024 Boxing Unit;['Boxing'];
2005695;True;OLANDER Mats;Male;Judge;J;PBU;PBU;Paris 2024 Boxing Unit;['Boxing'];
2005696;True;PAVLOV Pavel;Male;Referee;J;BUL;Bulgaria;Bulgaria;['Boxing'];
2005697;True;PETERSON Wade;Male;Referee;J;CAN;Canada;Canada;['Boxing'];
2005698;True;PETERSON Jakov;Male;Referee;J;EST;Estonia;Estonia;['Boxing'];
2005699;True;POPOV Ivan;Male;Judge;J;PBU;PBU;Paris 2024 Boxing Unit;['Boxing'];
2005700;True;RAMAJ Naim;Male;Judge;J;PBU;PBU;Paris 2024 Boxing Unit;['Boxing'];
2005701;True;RIVERA Don;Male;Judge;J;PBU;PBU;Paris 2024 Boxing Unit;['Boxing'];
2005702;True;RIZZARDO Maria;Female;Judge;J;PBU;PBU;Paris 2024 Boxing Unit;['Boxing'];
2005703;True;SCHRODER Jurgen;Male;Judge;J;PBU;PBU;Paris 2024 Boxing Unit;['Boxing'];
2005704;True;SERVIDE Roberto Fernando;Male;Referee;J;ARG;Argentina;Argentina;['Boxing'];
2005705;True;SIMON Radoslav;Male;Referee;J;SVK;Slovakia;Slovakia;['Boxing'];
2005706;True;SNIUKSTA Gintaras;Male;Judge;J;PBU;PBU;Paris 2024 Boxing Unit;['Boxing'];
2005707;True;HAMMER SORENSEN Jorgen;Male;Judge;J;PBU;PBU;Paris 2024 Boxing Unit;['Boxing'];
2005708;True;VASILIAUSKAS Rytis;Male;Judge;J;PBU;PBU;Paris 2024 Boxing Unit;['Boxing'];
2005709;True;VASYLYNCHUK Pavlo;Male;Judge;J;PBU;PBU;Paris 2024 Boxing Unit;['Boxing'];
2005710;True;VERHOEVEN Jeffery;Male;Referee;J;CAN;Canada;Canada;['Boxing'];
2005711;True;VILARINO Manuel;Male;Referee;J;ARG;Argentina;Argentina;['Boxing'];
2005712;True;PIKE David;Male;Judge;J;PBU;PBU;Paris 2024 Boxing Unit;['Boxing'];
2005713;True;SZUCS Veronika;Female;Referee;J;HUN;Hungary;Hungary;['Boxing'];
2005714;True;RUHEN Carl;Male;Referee;J;AUS;Australia;Australia;['Boxing'];
2005715;True;INNES Lee;Male;Referee;J;GBR;Great Britain;Great Britain;['Boxing'];
2005716;True;MA Jonghyo;Male;Judge;J;PBU;PBU;Paris 2024 Boxing Unit;['Boxing'];
2005717;True;LIN Chia Chan;Female;Referee;J;TPE;Chinese Taipei;Chinese Taipei;['Boxing'];
2005718;True;LEE Hyeok;Female;Judge;J;PBU;PBU;Paris 2024 Boxing Unit;['Boxing'];
2005719;True;KURGINIAN Artur;Male;Judge;J;PBU;PBU;Paris 2024 Boxing Unit;['Boxing'];
2005720;True;KRUTASOV Sergei;Male;Referee;J;PBU;PBU;Paris 2024 Boxing Unit;['Boxing'];
2005721;True;KIM Jihyun;Male;Judge;J;PBU;PBU;Paris 2024 Boxing Unit;['Boxing'];
2005722;True;KIM Jongjin;Male;Referee;J;KOR;Korea;Republic of Korea;['Boxing'];
2005723;True;MIHAI Ion;Male;Judge;J;PBU;PBU;Paris 2024 Boxing Unit;['Boxing'];
2005724;True;CHO Jungsook;Female;Referee;J;KOR;Korea;Republic of Korea;['Boxing'];
2005725;True;CHANG Yu Ling;Female;Judge;J;PBU;PBU;Paris 2024 Boxing Unit;['Boxing'];
2005726;True;ALLAN CAMPBELL Beau;Male;Judge;J;PBU;PBU;Paris 2024 Boxing Unit;['Boxing'];
2005727;True;ZELIKOWICZ Luis;Male;Judge;J;PBU;PBU;Paris 2024 Boxing Unit;['Boxing'];
2005728;True;STEPHENS JOHN Deborah Ann;Female;Judge;J;PBU;PBU;Paris 2024 Boxing Unit;['Boxing'];
2005729;True;VONG Kuok Veng;Male;Judge;J;PBU;PBU;Paris 2024 Boxing Unit;['Boxing'];
2005730;True;JAYASINHA Eesajith;Male;Judge;J;PBU;PBU;Paris 2024 Boxing Unit;['Boxing'];
2005731;True;WHIPPY Ratu Seru;Male;Judge;J;PBU;PBU;Paris 2024 Boxing Unit;['Boxing'];
2005733;True;CHAPLIN David;Male;Judge;J;PBU;PBU;Paris 2024 Boxing Unit;['Boxing'];
2005734;True;DZIURGOT Maciej;Male;Judge;J;PBU;PBU;Paris 2024 Boxing Unit;['Boxing'];
2005735;True;STEFANSKI Filip;Male;Judge;J;PBU;PBU;Paris 2024 Boxing Unit;['Boxing'];
2005737;True;MADEN Johany;Male;Judge;J;PBU;PBU;Paris 2024 Boxing Unit;['Boxing'];
2008524;True;KAZUHIRO;Male;Judge A;J;JPN;Japan;Japan;['Breaking'];
2009147;True;HAMILTON Odette;Female;Referee;J;JAM;Jamaica;Jamaica;['Football'];
2009149;True;ISMAIL Mahmood;Male;Referee;J;SUD;Sudan;Sudan;['Football'];
2009154;True;TANTASHEV Ilgiz;Male;Referee;J;UZB;Uzbekistan;Uzbekistan;['Football'];
2009168;True;NABADDA Shamirah;Female;Referee;J;UGA;Uganda;Uganda;['Football'];
2014175;True;NI Marina;Female;Judge;J;PBU;PBU;Paris 2024 Boxing Unit;['Boxing'];
2014176;True;SUIYENISH Yermek;Male;Referee;J;KAZ;Kazakhstan;Kazakhstan;['Boxing'];
2014177;True;THAMPU Nelka;Female;Referee;J;SRI;Sri Lanka;Sri Lanka;['Boxing'];
2014178;True;SAI ASHOK Kabilan;Male;Referee;J;IND;India;India;['Boxing'];
2014179;True;SAFRASK Mohamed;Male;Judge;J;PBU;PBU;Paris 2024 Boxing Unit;['Boxing'];
2014180;True;MOUFASSIR Said;Male;Judge;J;PBU;PBU;Paris 2024 Boxing Unit;['Boxing'];
2014182;True;BORKOEVA Zhamila;Female;Judge;J;PBU;PBU;Paris 2024 Boxing Unit;['Boxing'];
2014183;True;POHAN Muhammad;Male;Referee;J;INA;Indonesia;Indonesia;['Boxing'];
2014230;True;ABBAR Bachir;Male;Referee;J;MAR;Morocco;Morocco;['Boxing'];
2014600;True;BATYROV Nurbek;Male;Judge;J;PBU;PBU;Paris 2024 Boxing Unit;['Boxing'];
2017691;True;FRANCO-ROOKS Sheldon;Male;Referee;J;GBR;Great Britain;Great Britain;['Judo'];
2044484;True;AMANO Akiko;Female;Referee;J;JPN;Japan;Japan;['Judo'];
2046731;True;BABIUC Ioana;Female;Referee;J;ROU;Romania;Romania;['Judo'];
2049057;True;BATAILLE Matthieu;Male;Referee;J;FRA;France;France;['Judo'];
2050908;True;CODA Renata;Female;Referee;J;WAQU;World Aquatics;World Aquatics;['Marathon Swimming'];
2052888;True;BEN ZVI Ofer;Male;Referee;J;ISR;Israel;Israel;['Judo'];
2054317;True;CAMACHO PEREZ Raul;Male;Referee;J;ESP;Spain;Spain;['Judo'];
2057677;True;CHYURLIA Roberta;Female;Referee;J;ITA;Italy;Italy;['Judo'];
2059799;True;CRUZ CRUZ Orlando;Male;Referee;J;DOM;Dominican Republic;Dominican Republic;['Judo'];
2061938;True;DJIMBI Jean Claude;Male;Referee;J;GAB;Gabon;Gabon;['Judo'];
2063597;True;dos SANTOS Mariano;Male;Referee;J;BRA;Brazil;Brazil;['Judo'];
2067277;True;GONZALEZ Elizabeth;Female;Referee;J;MEX;Mexico;Mexico;['Judo'];
2073824;True;GOSZTONYI Balazs;Male;Referee;J;HUN;Hungary;Hungary;['Judo'];
2074928;True;MARERE Aehoitetauirarii;Male;Technical Official;J;ISA;ISA;International Surfing Association;['Surfing'];
2074935;True;ARAKINO Moko;Male;Technical Official;J;ISA;ISA;International Surfing Association;['Surfing'];
2074939;True;MASSIN Nathalie;Female;Technical Official;J;ISA;ISA;International Surfing Association;['Surfing'];
2074945;True;AMARU Prisca;Female;Technical Official;J;ISA;ISA;International Surfing Association;['Surfing'];
2074951;True;COUTURAUD Heremoana;Male;Technical Official;J;ISA;ISA;International Surfing Association;['Surfing'];
2074956;True;DUHAZE Yann;Male;Technical Official;J;ISA;ISA;International Surfing Association;['Surfing'];
2074962;True;PAHAPE Sarah;Female;Technical Official;J;ISA;ISA;International Surfing Association;['Surfing'];
2074968;True;de LONGEAUX Xavier;Male;Technical Official;J;ISA;ISA;International Surfing Association;['Surfing'];
2075404;True;KARINKANTA Veli-Matti;Male;Referee;J;FIN;Finland;Finland;['Judo'];
2078388;True;NUTSUBIDZE Vladimer;Male;Referee;J;GEO;Georgia;Georgia;['Judo'];
2080942;True;PERETEYKO Vyacheslav;Male;Referee;J;UZB;Uzbekistan;Uzbekistan;['Judo'];
2082578;True;FRANULOVIC Andrej;Male;Referee;J;CRO;Croatia;Croatia;['Water Polo'];
2083888;True;RAO Lang;Female;Judge;J;CHN;China;People's Republic of China;['Diving'];
2084202;True;PETR Lubomir;Male;Referee;J;AUS;Australia;Australia;['Judo'];
2084318;True;DEBRECENI Nora Nikola;Female;Referee;J;HUN;Hungary;Hungary;['Water Polo'];
2084569;True;KRUTKAEW Varinthip;Female;Referee;J;WAQU;World Aquatics;World Aquatics;['Marathon Swimming'];
2084667;True;ZHANG Liang;Male;Referee;J;CHN;China;People's Republic of China;['Water Polo'];
2084843;True;AXTELIUS Peter;Male;Judge;J;SWE;Sweden;Sweden;['Diving'];
2084910;True;PARISI Hugo;Male;Judge;J;BRA;Brazil;Brazil;['Diving'];
2085388;True;KOLIC Natasa;Female;Judge;J;CRO;Croatia;Croatia;['Diving'];
2085933;True;BLANCHARD Aurely;Female;Referee;J;FRA;France;France;['Water Polo'];
2086405;True;ZHANG Guangyue;Female;Referee;J;CHN;China;People's Republic of China;['Judo'];
2088103;True;CORTES Manuel;Male;Referee;J;ESP;Spain;Spain;['Judo'];
2090832;True;KNOESTER Carlo;Male;Referee;J;AUS;Australia;Australia;['Judo'];
2092195;True;MASHBAT Bukhbat;Male;Referee;J;MGL;Mongolia;Mongolia;['Judo'];
2093293;True;RAKHLIN Evgeny;Male;Referee;J;IJF;IJF;International Judo Federation;['Judo'];
2279615;True;GERRARD David;Male;Referee;J;WAQU;World Aquatics;World Aquatics;['Diving', 'Marathon Swimming', 'Artistic Swimming', 'Water Polo'];
2279688;True;MILLER James;Male;Referee;J;WAQU;World Aquatics;World Aquatics;['Diving', 'Marathon Swimming', 'Artistic Swimming', 'Water Polo'];
2279694;True;MERKELY Bela Peter;Male;Referee;J;WAQU;World Aquatics;World Aquatics;['Diving', 'Marathon Swimming', 'Artistic Swimming', 'Water Polo'];
2279704;True;ELHABIBY Riham;Female;Referee;J;WAQU;World Aquatics;World Aquatics;['Diving', 'Marathon Swimming', 'Artistic Swimming', 'Water Polo'];
2279707;True;van den HOOGENBAND Cees;Male;Referee;J;WAQU;World Aquatics;World Aquatics;['Diving', 'Marathon Swimming', 'Artistic Swimming', 'Water Polo'];
2279712;True;SHERAFAT VAZIRI Arash;Male;Referee;J;WAQU;World Aquatics;World Aquatics;['Diving', 'Marathon Swimming', 'Artistic Swimming', 'Water Polo'];
2279716;True;WINGFIELD WILLIAMS Kristin;Female;Referee;J;WAQU;World Aquatics;World Aquatics;['Diving', 'Marathon Swimming', 'Artistic Swimming', 'Water Polo'];
2279831;True;ZHAO Qi;Male;Referee;J;WAQU;World Aquatics;World Aquatics;['Water Polo'];
2279833;True;COMPOIS Benedicte;Female;Referee;J;WAQU;World Aquatics;World Aquatics;['Marathon Swimming'];
2279834;True;CIRIC Mihajlo;Male;Referee;J;WAQU;World Aquatics;World Aquatics;['Water Polo'];
2279835;True;PETERSON Gord;Male;Judge;J;CAN;Canada;Canada;['Diving'];
2279836;True;MOLINER Angel;Male;Referee;J;WAQU;World Aquatics;World Aquatics;['Water Polo'];
2279837;True;LINDBERG Mathz;Male;Judge;J;SWE;Sweden;Sweden;['Diving'];
2279838;True;BRGULJAN Marijo;Male;Referee;J;WAQU;World Aquatics;World Aquatics;['Water Polo'];
2279839;True;KRYNICKI Bartlomiej;Male;Judge;J;POL;Poland;Poland;['Diving'];
2279841;True;SOROKINA Anna;Female;Judge;J;UKR;Ukraine;Ukraine;['Diving'];
2279842;True;de JESUS Manuel;Male;Referee;J;WAQU;World Aquatics;World Aquatics;['Water Polo'];
2279843;True;ALSAFFAR Bashar;Male;Judge;J;KUW;Kuwait;Kuwait;['Diving'];
2279845;True;NOVOTNA Hana;Female;Judge;J;CZE;Czechia;Czechia;['Diving'];
2279846;True;WILLIS Dion;Male;Referee;J;WAQU;World Aquatics;World Aquatics;['Water Polo'];
2279850;True;FODOR Szabolcs;Male;Referee;J;WAQU;World Aquatics;World Aquatics;['Marathon Swimming'];
2279851;True;KURODA Ken;Male;Referee;J;WAQU;World Aquatics;World Aquatics;['Water Polo'];
2279852;True;KANETO Yuki;Female;Judge;J;JPN;Japan;Japan;['Diving'];
2279853;True;van VEENHUYZEN Emile;Male;Referee;J;WAQU;World Aquatics;World Aquatics;['Marathon Swimming'];
2279855;True;BROCHERO Monica;Female;Referee;J;WAQU;World Aquatics;World Aquatics;['Water Polo'];
2279858;True;AL ALAWI Abdul Monem;Male;Referee;J;WAQU;World Aquatics;World Aquatics;['Marathon Swimming'];
2279859;True;CAPUTI Massimiliano;Male;Referee;J;WAQU;World Aquatics;World Aquatics;['Water Polo'];
2279861;True;HOEPELMAN Andy;Male;Referee;J;WAQU;World Aquatics;World Aquatics;['Water Polo'];
2279862;True;SOTO Jorge;Male;Referee;J;WAQU;World Aquatics;World Aquatics;['Water Polo'];
2279863;True;BEBIC Milivoj;Male;Referee;J;WAQU;World Aquatics;World Aquatics;['Water Polo'];
2279865;True;BAPTISTA Luis;Male;Referee;J;WAQU;World Aquatics;World Aquatics;['Marathon Swimming'];
2279867;True;CASSIDY S.A. Sid;Male;Referee;J;WAQU;World Aquatics;World Aquatics;['Marathon Swimming'];
2279869;True;HASSAN Mohamed;Male;Judge;J;EGY;Egypt;Egypt;['Diving'];
2279872;True;KOH Tony;Male;Judge;J;MAS;Malaysia;Malaysia;['Diving'];
2279873;True;WEERTMAN Ferry;Male;Referee;J;WAQU;World Aquatics;World Aquatics;['Marathon Swimming'];
2279874;True;KASHMIRI Ziyad;Male;Referee;J;WAQU;World Aquatics;World Aquatics;['Marathon Swimming'];
2279875;True;REZVANI Mohsen;Male;Referee;J;WAQU;World Aquatics;World Aquatics;['Water Polo'];
2279876;True;CAMERON Don;Male;Referee;J;WAQU;World Aquatics;World Aquatics;['Water Polo'];
2279877;True;BROOKER Eric;Male;Judge;J;AUS;Australia;Australia;['Diving'];
2279878;True;GUO Jingjing;Female;Judge;J;HKG;Hong Kong, China;Hong Kong, China;['Diving'];
2279879;True;BOGOMILOVA Tanya;Female;Referee;J;WAQU;World Aquatics;World Aquatics;['Marathon Swimming'];
2279880;True;FARID Hadi;Male;Referee;J;WAQU;World Aquatics;World Aquatics;['Water Polo'];
2279881;True;KOZOMPOLI Stavroula;Female;Referee;J;WAQU;World Aquatics;World Aquatics;['Water Polo'];
2279882;True;MOLNAR Tamas;Male;Referee;J;WAQU;World Aquatics;World Aquatics;['Water Polo'];
2279885;True;PRAYER Andrea;Male;Referee;J;WAQU;World Aquatics;World Aquatics;['Marathon Swimming'];
2279886;True;LI Na;Female;Judge;J;CHN;China;People's Republic of China;['Diving'];
2279887;True;WEST John;Male;Referee;J;WAQU;World Aquatics;World Aquatics;['Marathon Swimming'];
2279889;True;PAPAZIAN Richard;Male;Referee;J;WAQU;World Aquatics;World Aquatics;['Water Polo'];
2279890;True;KAMRAU Britta;Female;Referee;J;WAQU;World Aquatics;World Aquatics;['Marathon Swimming'];
2279891;True;KELEMEN Ildiko;Female;Judge;J;WAQU;World Aquatics;World Aquatics;['Diving'];
2279893;True;DONOVAL Sanda;Female;Judge;J;CRO;Croatia;Croatia;['Diving'];
2279895;True;ICHIKAWA Ioki;Male;Referee;J;WAQU;World Aquatics;World Aquatics;['Marathon Swimming'];
2279896;True;SALAS Josue;Male;Judge;J;PER;Peru;Peru;['Diving'];
2279897;True;MENA Jesus;Male;Judge;J;MEX;Mexico;Mexico;['Diving'];
2279899;True;van de BERG Damian;Male;Referee;J;WAQU;World Aquatics;World Aquatics;['Marathon Swimming'];
2279900;True;BECK Melanie;Female;Judge;J;GBR;Great Britain;Great Britain;['Diving'];
2279901;True;CHENG Ho Ming Edward;Male;Referee;J;WAQU;World Aquatics;World Aquatics;['Marathon Swimming'];
2280241;True;de RENZIS Laura;Female;Judge;J;WAQU;World Aquatics;World Aquatics;['Artistic Swimming'];
2280242;True;VIZI Judit;Female;Judge;J;WAQU;World Aquatics;World Aquatics;['Artistic Swimming'];
2280243;True;KAVAKLIOGLU Marie;Female;Judge;J;WAQU;World Aquatics;World Aquatics;['Artistic Swimming'];
2280244;True;ASAHARA Fumiko;Female;Judge;J;WAQU;World Aquatics;World Aquatics;['Artistic Swimming'];
2280245;True;NAIDOO Jennifer;Female;Judge;J;WAQU;World Aquatics;World Aquatics;['Artistic Swimming'];
2280246;True;CROES Esther;Female;Judge;J;WAQU;World Aquatics;World Aquatics;['Artistic Swimming'];
2280247;True;LUO Xi;Female;Judge;J;WAQU;World Aquatics;World Aquatics;['Artistic Swimming'];
2280248;True;HAZLE Betty;Female;Judge;J;WAQU;World Aquatics;World Aquatics;['Artistic Swimming'];
2280249;True;KARAMPELA Despoina;Female;Judge;J;WAQU;World Aquatics;World Aquatics;['Artistic Swimming'];
2280250;True;PAVON Veronica;Female;Judge;J;WAQU;World Aquatics;World Aquatics;['Artistic Swimming'];
2280251;True;KARIMOVA Aliya;Female;Judge;J;WAQU;World Aquatics;World Aquatics;['Artistic Swimming'];
2280252;True;NEPOTACHEVA Anna;Female;Judge;J;WAQU;World Aquatics;World Aquatics;['Artistic Swimming'];
2280253;True;VIGLINO Gabriela;Female;Judge;J;WAQU;World Aquatics;World Aquatics;['Artistic Swimming'];
2280254;True;MONTERO Ana;Female;Judge;J;WAQU;World Aquatics;World Aquatics;['Artistic Swimming'];
2280255;True;SCHOTT Lisa;Female;Judge;J;WAQU;World Aquatics;World Aquatics;['Artistic Swimming'];
2280256;True;CHEW Steve;Male;Judge;J;WAQU;World Aquatics;World Aquatics;['Artistic Swimming'];
2280354;True;BAI Muwei;Female;Judge;J;WAQU;World Aquatics;World Aquatics;['Artistic Swimming'];
2280355;True;HEALD Kara;Female;Judge;J;WAQU;World Aquatics;World Aquatics;['Artistic Swimming'];
2280356;True;ZAPATA AGUDELO Lina Maria;Female;Judge;J;WAQU;World Aquatics;World Aquatics;['Artistic Swimming'];
2280357;True;ARRAM Iman;Female;Judge;J;WAQU;World Aquatics;World Aquatics;['Artistic Swimming'];
2280358;True;SHEPARD Lucia;Female;Judge;J;WAQU;World Aquatics;World Aquatics;['Artistic Swimming'];
2280359;True;SUMI Akiko;Female;Judge;J;WAQU;World Aquatics;World Aquatics;['Artistic Swimming'];
2280360;True;PRATT Ali;Female;Judge;J;WAQU;World Aquatics;World Aquatics;['Artistic Swimming'];
2280361;True;RUSSELL Cheryl;Female;Judge;J;WAQU;World Aquatics;World Aquatics;['Artistic Swimming'];
2280362;True;LERMAN Natalia;Female;Judge;J;WAQU;World Aquatics;World Aquatics;['Artistic Swimming'];
2280363;True;MONTEDONICO Sofia Victoria;Female;Judge;J;WAQU;World Aquatics;World Aquatics;['Artistic Swimming'];
2280364;True;GARCIA GENTA Luciana;Female;Judge;J;WAQU;World Aquatics;World Aquatics;['Artistic Swimming'];
2280365;True;OBERMARK FUNKE Petra;Female;Judge;J;WAQU;World Aquatics;World Aquatics;['Artistic Swimming'];
2280366;True;VEGA COUTO Marisol;Female;Judge;J;WAQU;World Aquatics;World Aquatics;['Artistic Swimming'];
2280367;True;GRICAR Iva;Female;Judge;J;WAQU;World Aquatics;World Aquatics;['Artistic Swimming'];
2280368;True;MUSSON Courtney;Female;Judge;J;WAQU;World Aquatics;World Aquatics;['Artistic Swimming'];
2280369;True;KEUR Rynske;Female;Judge;J;WAQU;World Aquatics;World Aquatics;['Artistic Swimming'];
2281421;True;COLOMBO Raffaele;Male;Referee;J;ITA;Italy;Italy;['Water Polo'];
2281422;True;DAW Yehia;Male;Judge;J;EGY;Egypt;Egypt;['Diving'];
2281423;True;DERVIEUX Sebastien;Male;Referee;J;FRA;France;France;['Water Polo'];
2281425;True;FERRARI Alessia;Female;Referee;J;ITA;Italy;Italy;['Water Polo'];
2281427;True;GILLESPIE Ross;Male;Referee;J;WAQU;World Aquatics;World Aquatics;['Marathon Swimming'];
2281428;True;GOLOVAN Anatoliy;Male;Judge;J;UKR;Ukraine;Ukraine;['Diving'];
2281429;True;GOMEZ PORDOMINGO David;Male;Referee;J;ESP;Spain;Spain;['Water Polo'];
2281430;True;HODGERS Nicholas;Male;Referee;J;AUS;Australia;Australia;['Water Polo'];
2281432;True;KIAMBATA Kimbu;Male;Referee;J;WAQU;World Aquatics;World Aquatics;['Marathon Swimming'];
2281433;True;KOVACS-CSATLOS Tamas;Male;Referee;J;HUN;Hungary;Hungary;['Water Polo'];
2281434;True;KUROSAKI Chisato;Male;Referee;J;JPN;Japan;Japan;['Water Polo'];
2281445;True;ISNARD Adrien;Male;Line Judge;J;FIVB;FIVB;International Volleyball Federation;['Beach Volleyball'];
2281448;True;LEGRAND Olivier;Male;Line Judge;J;FIVB;FIVB;International Volleyball Federation;['Beach Volleyball'];
2281449;True;HORVAIS Azeline;Female;Line Judge;J;FIVB;FIVB;International Volleyball Federation;['Beach Volleyball'];
2281450;True;MENDES Zelio;Male;Line Judge;J;FIVB;FIVB;International Volleyball Federation;['Beach Volleyball'];
2281451;True;CHARRIERE Fabien;Male;Line Judge;J;FIVB;FIVB;International Volleyball Federation;['Beach Volleyball'];
2281452;True;de CASTRO Miguel;Male;Line Judge;J;FIVB;FIVB;International Volleyball Federation;['Beach Volleyball'];
2281454;True;NIEL Maxime;Male;Line Judge;J;FIVB;FIVB;International Volleyball Federation;['Beach Volleyball'];
2281455;True;TORRE Pietro;Male;Line Judge;J;FIVB;FIVB;International Volleyball Federation;['Beach Volleyball'];
2281456;True;le CORVIC Frank;Male;Line Judge;J;FIVB;FIVB;International Volleyball Federation;['Beach Volleyball'];
2281457;True;DENIS Olivier;Male;Line Judge;J;FIVB;FIVB;International Volleyball Federation;['Beach Volleyball'];
2281459;True;de THY Morgane;Female;Line Judge;J;FIVB;FIVB;International Volleyball Federation;['Beach Volleyball'];
2281460;True;TRANCHANT Sebastien;Male;Line Judge;J;FIVB;FIVB;International Volleyball Federation;['Beach Volleyball'];
2281461;True;CREPEL Stephane;Male;Line Judge;J;FIVB;FIVB;International Volleyball Federation;['Beach Volleyball'];
2281462;True;BRASSART Geoffrey;Male;Line Judge;J;FIVB;FIVB;International Volleyball Federation;['Beach Volleyball'];
2281463;True;AGESILAS Yael;Male;Line Judge;J;FIVB;FIVB;International Volleyball Federation;['Beach Volleyball'];
2281466;True;TANGUY Ludivine;Female;Line Judge;J;FIVB;FIVB;International Volleyball Federation;['Beach Volleyball'];
2281467;True;RANCHAL Lilian;Male;Line Judge;J;FIVB;FIVB;International Volleyball Federation;['Beach Volleyball'];
2281469;True;PIETRASIK Theo;Male;Line Judge;J;FIVB;FIVB;International Volleyball Federation;['Beach Volleyball'];
2281471;True;GREUILLET Laurence;Female;Line Judge;J;FIVB;FIVB;International Volleyball Federation;['Beach Volleyball'];
2281472;True;MAMERI Fahim;Male;Line Judge;J;FIVB;FIVB;International Volleyball Federation;['Beach Volleyball'];
2281520;True;ZWI Noam;Male;Judge;J;WAQU;World Aquatics;World Aquatics;['Artistic Swimming'];
2281953;True;OHME Frank;Male;Referee;J;GER;Germany;Germany;['Water Polo'];
2281954;True;TOULOUDIS Nikolaos;Male;Judge;J;GRE;Greece;Greece;['Diving'];
2281955;True;PEREZ Angel;Male;Judge;J;ESP;Spain;Spain;['Diving'];
2281956;True;TOMLINSON Vicki;Female;Judge;J;GBR;Great Britain;Great Britain;['Diving'];
2281957;True;LEE William;Male;Judge;J;SGP;Singapore;Singapore;['Diving'];
2281958;True;MARGETA Boris;Male;Referee;J;SLO;Slovenia;Slovenia;['Water Polo'];
2281959;True;STEWART Lee-Anne;Female;Referee;J;RSA;South Africa;South Africa;['Water Polo'];
2281960;True;MISKOVIC Veselin;Male;Referee;J;MNE;Montenegro;Montenegro;['Water Polo'];
2281962;True;ZWART Michiel;Male;Referee;J;NED;Netherlands;Netherlands;['Water Polo'];
2281963;True;Mc CALL Jennifer Erin;Female;Referee;J;USA;United States;United States of America;['Water Polo'];
2281964;True;SZEKFFY Nora;Female;Judge;J;HUN;Hungary;Hungary;['Diving'];
2281965;True;STABILE Jeffrey;Male;Judge;J;USA;United States;United States of America;['Diving'];
2281967;True;YEOH Ken Nee;Male;Judge;J;MAS;Malaysia;Malaysia;['Diving'];
2281971;True;POTVIN Sylvie;Female;Referee;J;WAQU;World Aquatics;World Aquatics;['Marathon Swimming'];
2281973;True;PUTNIKOVIC Vojin;Male;Referee;J;SRB;Serbia;Serbia;['Water Polo'];
2281974;True;MIN Seoghong;Male;Judge;J;KOR;Korea;Republic of Korea;['Diving'];
2281976;True;SPIRITOSANTO Darren Brown;Male;Referee;J;USA;United States;United States of America;['Water Polo'];
2281977;True;MEHALHEL Yasser Ali Said;Male;Referee;J;EGY;Egypt;Egypt;['Water Polo'];
2281978;True;MARKOPOULOU Natalia;Female;Referee;J;GRE;Greece;Greece;['Water Polo'];
2281979;True;RODRIGUEZ Angelique;Female;Judge;J;PUR;Puerto Rico;Puerto Rico;['Diving'];
2281980;True;SCHREUDERS Frits Albert;Male;Referee;J;WAQU;World Aquatics;World Aquatics;['Marathon Swimming'];
2281990;True;van der VOORT Ronald;Male;Judge;J;NED;Netherlands;Netherlands;['Diving'];
2281996;True;SOH Soh Yew Siang;Male;Referee;J;WAQU;World Aquatics;World Aquatics;['Marathon Swimming'];
2281997;True;RAK Mladen;Male;Referee;J;CRO;Croatia;Croatia;['Water Polo'];
2281998;True;STAVRIDIS Georgios;Male;Referee;J;GRE;Greece;Greece;['Water Polo'];
2288825;True;SHAHRIYARI Paria;Female;Referee;J;IRI;IR Iran;Islamic Republic of Iran;['Football'];
2292964;True;BOYER James;Male;Referee;J;FIBA;FIBA;International Basketball Federation;['Basketball'];
2310748;True;MOY;Male;Judge C;J;USA;United States;United States of America;['Breaking'];
2318060;True;BROOKER Gillian;Female;Judge;J;AUS;Australia;Australia;['Diving'];
2318063;True;CALDERARA Gianluca;Male;Judge;J;ITA;Italy;Italy;['Diving'];
2318067;True;ARUMBOWO Pranarta;Male;Judge;J;INA;Indonesia;Indonesia;['Diving'];
2318076;True;AZORIN Daniel;Male;Judge;J;FRA;France;France;['Diving'];
2318080;True;BANUELOS Ricardo;Male;Judge;J;MEX;Mexico;Mexico;['Diving'];
2318089;True;BUSH Barb;Female;Judge;J;CAN;Canada;Canada;['Diving'];
2318093;True;SCHLEPPS Holger;Male;Judge;J;GER;Germany;Germany;['Diving'];
2318098;True;CABANAS Marta;Female;Referee;J;ESP;Spain;Spain;['Water Polo'];
2318102;True;ALEXANDRESCU Adrian;Male;Referee;J;ROU;Romania;Romania;['Water Polo'];
2473637;True;SAITO Satoru;Male;Referee;J;JPN;Japan;Japan;['Taekwondo'];
2473638;True;RODRIGUEZ Guillermo;Male;Referee;J;VEN;Venezuela;Venezuela;['Taekwondo'];
2473639;True;LEE Jeng Yen;Female;Referee;J;MAS;Malaysia;Malaysia;['Taekwondo'];
2473640;True;BAGHERI KALMARZI Masoumeh;Female;Referee;J;IRI;IR Iran;Islamic Republic of Iran;['Taekwondo'];
2473641;True;LEVAI Ksenija;Female;Referee;J;SRB;Serbia;Serbia;['Taekwondo'];
2473642;True;CHOI Yongbae;Male;Referee;J;KOR;Korea;Republic of Korea;['Taekwondo'];
2473643;True;KHORASSANDJIAN Daniel;Male;Referee;J;LBN;Lebanon;Lebanon;['Taekwondo'];
2473644;True;RAILEANU Stefan;Male;Referee;J;MDA;Republic of Moldova;Republic of Moldova;['Taekwondo'];
2473645;True;SCHEFFLER Agnieszka;Female;Referee;J;POL;Poland;Poland;['Taekwondo'];
2473646;True;STARKOV Andriy;Male;Referee;J;UKR;Ukraine;Ukraine;['Taekwondo'];
2473647;True;WHITE Nichola;Female;Referee;J;AUS;Australia;Australia;['Taekwondo'];
2473648;True;REZENDE Marcelo;Male;Referee;J;BRA;Brazil;Brazil;['Taekwondo'];
2473649;True;JUMAN Alissa;Female;Referee;J;CAN;Canada;Canada;['Taekwondo'];
2473650;True;BOYD DIAZ Susana;Female;Referee;J;PAN;Panama;Panama;['Taekwondo'];
2473651;True;KIM Denis;Male;Referee;J;WT;World Taekwondo;World Taekwondo;['Taekwondo'];
2473652;True;SADEGHI Hassan;Male;Referee;J;BEL;Belgium;Belgium;['Taekwondo'];
2475179;True;DJLASSI Anouer;Male;Referee;J;TUN;Tunisia;Tunisia;['Taekwondo'];
2475180;True;ORNELAS CABALLERO Araceli;Female;Referee;J;MEX;Mexico;Mexico;['Taekwondo'];
2475181;True;MAROT Jelena;Female;Referee;J;CRO;Croatia;Croatia;['Taekwondo'];
2475197;True;ZHU Linfang;Female;Referee;J;CHN;China;People's Republic of China;['Taekwondo'];
2476088;True;PAINCHAUD Helene;Female;Referee;J;CAN;Canada;Canada;['Water Polo'];
2480085;True;MENHEL Yauheniya;Female;Referee;J;UWW;UWW;United World Wrestling;['Wrestling'];
2480087;True;DAMIENS Serge;Male;Referee;J;UWW;UWW;United World Wrestling;['Wrestling'];
2480088;True;CAUVIN Sophie;Female;Referee;J;UWW;UWW;United World Wrestling;['Wrestling'];
2480089;True;le GLEUT Regine;Female;Referee;J;UWW;UWW;United World Wrestling;['Wrestling'];
2480090;True;VAZEILLES Pierre;Male;Referee;J;UWW;UWW;United World Wrestling;['Wrestling'];
2480091;True;GUYOT Nicolas;Male;Referee;J;UWW;UWW;United World Wrestling;['Wrestling'];
2480092;True;BRELET Esther;Female;Referee;J;UWW;UWW;United World Wrestling;['Wrestling'];
2480093;True;JOAL Cedric;Male;Referee;J;UWW;UWW;United World Wrestling;['Wrestling'];
2480094;True;FAUVEAU Marion;Female;Referee;J;UWW;UWW;United World Wrestling;['Wrestling'];
2480095;True;LAISSAOUI Iliass;Male;Referee;J;UWW;UWW;United World Wrestling;['Wrestling'];
2480096;True;LEBEE Jason;Male;Referee;J;UWW;UWW;United World Wrestling;['Wrestling'];
2480097;True;AKA Akesse Kouadio Vincent;Male;Referee;J;UWW;UWW;United World Wrestling;['Wrestling'];
2480098;True;SOMON Jordan;Male;Referee;J;UWW;UWW;United World Wrestling;['Wrestling'];
2480099;True;FERNANDEZ LOBO da COSTA Joao Vitor;Male;Referee;J;UWW;UWW;United World Wrestling;['Wrestling'];
2480121;True;BEISEMBAYEV Olzhas;Male;Referee;J;UWW;UWW;United World Wrestling;['Wrestling'];
2480151;True;SIMSEK Onur;Male;Referee;J;UWW;UWW;United World Wrestling;['Wrestling'];
2480426;True;ALADARBEH Ayman;Male;Referee;J;JOR;Jordan;Jordan;['Taekwondo'];
2480430;True;ISSA SAMSOU Ibrahim;Male;Referee;J;NIG;Niger;Niger;['Taekwondo'];
2480431;True;FORNARO Erika;Female;Referee;J;ITA;Italy;Italy;['Taekwondo'];
2480432;True;WU Yuting;Female;Referee;J;TPE;Chinese Taipei;Chinese Taipei;['Taekwondo'];
2480534;True;ELSAYED May;Female;Referee;J;EGY;Egypt;Egypt;['Taekwondo'];
2481849;True;CARTER Ingrid Dannette;Female;Judge;J;PBU;PBU;Paris 2024 Boxing Unit;['Boxing'];
2482372;True;METAHNI Dorsaf;Female;Referee;J;TUN;Tunisia;Tunisia;['Wrestling'];
2482375;True;ERSOY Orhun;Male;Referee;J;UWW;UWW;United World Wrestling;['Wrestling'];
2482551;True;SHIRALIYEV Asif;Male;Referee;J;AZE;Azerbaijan;Azerbaijan;['Wrestling'];
2482584;True;KIM Dmitriy;Male;Referee;J;UZB;Uzbekistan;Uzbekistan;['Taekwondo'];
2482611;True;IMANI Amal;Female;Referee;J;MAR;Morocco;Morocco;['Wrestling'];
2483779;True;GUT la RAGIONE Livia;Female;Judge;J;WAQU;World Aquatics;World Aquatics;['Artistic Swimming'];
2483785;True;SIULZHYN Valiantsin;Male;Referee;J;UWW;UWW;United World Wrestling;['Wrestling'];
2483837;True;ABDALLA Marwa;Female;Referee;J;EGY;Egypt;Egypt;['Wrestling'];
2483874;True;SADEGHI Nima;Male;Referee;J;IRI;IR Iran;Islamic Republic of Iran;['Wrestling'];
2483960;True;ISMAEL Hadi;Male;Referee;J;IRQ;Iraq;Iraq;['Wrestling'];
2484641;True;LIGAY Igor;Male;Referee;J;KAZ;Kazakhstan;Kazakhstan;['Wrestling'];
2484901;True;ZHUMABEKOV Yerik;Male;Referee;J;KAZ;Kazakhstan;Kazakhstan;['Wrestling'];
2489078;True;TRIGO Nuno;Male;Technical Official;J;POR;Portugal;Portugal;['Surfing'];
2489144;True;ELLIOTT Glen;Male;Technical Official;J;AUS;Australia;Australia;['Surfing'];
2489171;True;MOORE Kevin;Male;Technical Official;J;PER;Peru;Peru;['Surfing'];
2490710;True;CAMUS Pauline;Female;Referee;J;IJF;IJF;International Judo Federation;['Judo'];
2490711;True;JAMMET Romain;Male;Referee;J;IJF;IJF;International Judo Federation;['Judo'];
2490712;True;ALESSANDRINI FANTIN Vincent;Male;Referee;J;IJF;IJF;International Judo Federation;['Judo'];
2490713;True;DUGLOUD Cedric;Male;Referee;J;IJF;IJF;International Judo Federation;['Judo'];
2490714;True;LALLE Cedric;Male;Referee;J;IJF;IJF;International Judo Federation;['Judo'];
2490715;True;DANVERS Stephanie;Female;Referee;J;IJF;IJF;International Judo Federation;['Judo'];
2490716;True;LOPES Jose;Male;Referee;J;IJF;IJF;International Judo Federation;['Judo'];
2490717;True;CHARPENTIER Julia;Female;Referee;J;IJF;IJF;International Judo Federation;['Judo'];
2490718;True;BERTHAULT Laura;Female;Referee;J;IJF;IJF;International Judo Federation;['Judo'];
2490719;True;GIRARDEY Sebastien;Male;Referee;J;IJF;IJF;International Judo Federation;['Judo'];
2490720;True;ZOUAOUI Akila;Female;Referee;J;IJF;IJF;International Judo Federation;['Judo'];
2490721;True;LAJEUNCOMME David;Male;Referee;J;IJF;IJF;International Judo Federation;['Judo'];
2490722;True;FAUROUX Eric;Female;Referee;J;IJF;IJF;International Judo Federation;['Judo'];
2490723;True;CARON Pascal;Male;Referee;J;IJF;IJF;International Judo Federation;['Judo'];
2490724;True;SABLIER Laurence;Female;Referee;J;IJF;IJF;International Judo Federation;['Judo'];
2490725;True;BRETAUDEAU Jerome;Male;Referee;J;IJF;IJF;International Judo Federation;['Judo'];
2490726;True;DROISSART Jerome;Male;Referee;J;IJF;IJF;International Judo Federation;['Judo'];
2490727;True;LAPLANCHE Emilie;Female;Referee;J;IJF;IJF;International Judo Federation;['Judo'];
2490728;True;PHAM Huu Hanh;Male;Referee;J;IJF;IJF;International Judo Federation;['Judo'];
2490729;True;GORGETTE Julien;Male;Referee;J;IJF;IJF;International Judo Federation;['Judo'];
2490851;True;le GALLO Maxime;Male;Judge;J;FRA;France;France;['Trampoline Gymnastics'];10/03/1971
2490853;True;LAVERGNE Lilian;Male;Judge;J;FRA;France;France;['Trampoline Gymnastics'];20/08/1975
2490854;True;CLOUD Cyril;Male;Judge;J;FRA;France;France;['Trampoline Gymnastics'];22/01/1974
2490855;True;HEBANT Valerie;Female;Judge;J;FRA;France;France;['Trampoline Gymnastics'];13/11/1969
2490856;True;BOURGIT Carole;Female;Judge;J;FRA;France;France;['Trampoline Gymnastics'];09/11/1974
2490861;True;DESPORTE Laurent;Male;Judge;J;FRA;France;France;['Artistic Gymnastics'];06/02/1975
2490864;True;de CARVALHO Sarah;Female;Judge;J;FIG;FIG;International Gymnastics Federation;['Artistic Gymnastics'];
2490876;True;BUYS Mickael;Male;Judge;J;FIG;FIG;International Gymnastics Federation;['Artistic Gymnastics'];
2490881;True;GAGNIERE Thomas;Male;Judge;J;FRA;France;France;['Artistic Gymnastics'];28/01/1986
2490887;True;MEREL Erwan;Male;Judge;J;FIG;FIG;International Gymnastics Federation;['Artistic Gymnastics'];
2490891;True;de COSSIO Isabelle;Female;Judge;J;FRA;France;France;['Rhythmic Gymnastics'];01/12/1964
2490892;True;ANDRIESSE Anne-Sophie;Female;Judge;J;FRA;France;France;['Rhythmic Gymnastics'];23/03/1971
2490893;True;GARBIN Amandine;Female;Judge;J;FRA;France;France;['Rhythmic Gymnastics'];05/02/1977
2490894;True;DROUARD Benedite;Female;Judge;J;FIG;FIG;International Gymnastics Federation;['Rhythmic Gymnastics'];
2490895;True;BAREL Anne Valerie;Female;Judge;J;FIG;FIG;International Gymnastics Federation;['Rhythmic Gymnastics'];
2490896;True;LAUTH Dominique;Female;Judge;J;FRA;France;France;['Rhythmic Gymnastics'];04/12/1951
2490897;True;LICHTLE Agnes;Female;Judge;J;FRA;France;France;['Rhythmic Gymnastics'];08/05/1959
2490898;True;MARTEL Camille;Female;Judge;J;FRA;France;France;['Rhythmic Gymnastics'];01/10/1993
2490899;True;ROBIN Stephanie;Female;Judge;J;FRA;France;France;['Rhythmic Gymnastics'];25/10/1974
2490900;True;ROUSSOT Maud;Female;Judge;J;FRA;France;France;['Rhythmic Gymnastics'];15/10/1979
2490901;True;SALINIER Camille;Female;Judge;J;FRA;France;France;['Rhythmic Gymnastics'];26/05/1988
2490916;True;VERBOOM Jef;Male;Judge;J;UCI;UCI;Union Cycliste Internationale;['Cycling BMX Freestyle'];
2490918;True;ROLHION Olivier;Male;Judge;J;UCI;UCI;Union Cycliste Internationale;['Cycling BMX Freestyle'];
2490919;True;ADRIX Remi;Male;Judge;J;UCI;UCI;Union Cycliste Internationale;['Cycling BMX Freestyle'];
2491197;True;KANTE Dramane;Male;Referee;J;WT;World Taekwondo;World Taekwondo;['Taekwondo'];
2491198;True;EMMANUEL EMILE Harry;Male;Referee;J;WT;World Taekwondo;World Taekwondo;['Taekwondo'];
2491199;True;LEPERT Marie;Female;Referee;J;WT;World Taekwondo;World Taekwondo;['Taekwondo'];
2491200;True;LARABI Rafika;Female;Referee;J;WT;World Taekwondo;World Taekwondo;['Taekwondo'];
2491201;True;AMMI Fatima;Female;Referee;J;WT;World Taekwondo;World Taekwondo;['Taekwondo'];
2491203;True;MORENO Jean Anthony;Male;Referee;J;WT;World Taekwondo;World Taekwondo;['Taekwondo'];
2491204;True;MIYAHOUENOU Joel;Male;Referee;J;WT;World Taekwondo;World Taekwondo;['Taekwondo'];
2491205;True;DUVERNOIS Jacques;Male;Referee;J;WT;World Taekwondo;World Taekwondo;['Taekwondo'];
2491206;True;BAYLOU Maud Francoise;Female;Referee;J;WT;World Taekwondo;World Taekwondo;['Taekwondo'];
2491207;True;SEMBONA Serge;Male;Referee;J;WT;World Taekwondo;World Taekwondo;['Taekwondo'];
2491209;True;THABET Sinaa;Female;Referee;J;WT;World Taekwondo;World Taekwondo;['Taekwondo'];
2491271;True;DOHOLLOU Loisa;Female;Referee;J;FIBA;FIBA;International Basketball Federation;['Basketball'];
2491272;True;ABID Valentin;Male;Referee;J;FIBA;FIBA;International Basketball Federation;['Basketball'];
2491273;True;BAERMANN Laetitia;Female;Referee;J;FIBA;FIBA;International Basketball Federation;['Basketball'];
2491274;True;BAILLY Laurence;Female;Referee;J;FIBA;FIBA;International Basketball Federation;['Basketball'];
2491275;True;BAUMARD Benjamin;Male;Referee;J;FIBA;FIBA;International Basketball Federation;['Basketball'];
2491276;True;BERNHARD Denis;Male;Referee;J;FIBA;FIBA;International Basketball Federation;['Basketball'];
2491277;True;BOOS Christelle;Female;Referee;J;FIBA;FIBA;International Basketball Federation;['Basketball'];
2491278;True;CASAL SOMOZA Emilia;Female;Referee;J;FIBA;FIBA;International Basketball Federation;['Basketball'];
2491279;True;CHERASSE Laurent;Male;Referee;J;FIBA;FIBA;International Basketball Federation;['Basketball'];
2491280;True;DELARUE Gregoire;Male;Referee;J;FIBA;FIBA;International Basketball Federation;['Basketball'];
2491281;True;DENISE Frederic;Male;Referee;J;FIBA;FIBA;International Basketball Federation;['Basketball'];
2491282;True;DESMIS David;Male;Referee;J;FIBA;FIBA;International Basketball Federation;['Basketball'];
2491283;True;DUBOIS Coralie;Female;Referee;J;FIBA;FIBA;International Basketball Federation;['Basketball'];
2491284;True;DUPREY David;Male;Referee;J;FIBA;FIBA;International Basketball Federation;['Basketball'];
2491285;True;DUTOYA Benedicte;Female;Referee;J;FIBA;FIBA;International Basketball Federation;['Basketball'];
2491286;True;ETIENNE Audrey;Female;Referee;J;FIBA;FIBA;International Basketball Federation;['Basketball'];
2491287;True;FRITZ Michele;Female;Referee;J;FIBA;FIBA;International Basketball Federation;['Basketball'];
2491288;True;GAUDIN Sophie;Female;Referee;J;FIBA;FIBA;International Basketball Federation;['Basketball'];
2491289;True;HENRIOT Gwennaelle;Female;Referee;J;FIBA;FIBA;International Basketball Federation;['Basketball'];
2491290;True;HERON Stephane;Male;Referee;J;FIBA;FIBA;International Basketball Federation;['Basketball'];
2491291;True;HUARD Francois;Male;Referee;J;FIBA;FIBA;International Basketball Federation;['Basketball'];
2491292;True;KOPP Audrey;Female;Referee;J;FIBA;FIBA;International Basketball Federation;['Basketball'];
2491293;True;LABORDE Marie Pierre;Female;Referee;J;FIBA;FIBA;International Basketball Federation;['Basketball'];
2491294;True;LAMARQUE Vincent;Male;Referee;J;FIBA;FIBA;International Basketball Federation;['Basketball'];
2491295;True;LAURANCY Cedric;Male;Referee;J;FIBA;FIBA;International Basketball Federation;['Basketball'];
2491296;True;LUSSON Stephane;Male;Referee;J;FIBA;FIBA;International Basketball Federation;['Basketball'];
2491297;True;MARTIN Hugo;Male;Referee;J;FIBA;FIBA;International Basketball Federation;['Basketball'];
2491298;True;MATTON Jean Pierre;Male;Referee;J;FIBA;FIBA;International Basketball Federation;['Basketball'];
2491299;True;MORENTE Jean Marc;Male;Referee;J;FIBA;FIBA;International Basketball Federation;['Basketball'];
2491300;True;POIRIER Emmanuelle;Female;Referee;J;FIBA;FIBA;International Basketball Federation;['Basketball'];
2491301;True;POURTAU Charlotte;Female;Referee;J;FIBA;FIBA;International Basketball Federation;['Basketball'];
2491302;True;ROCHE Fabrice;Male;Referee;J;FIBA;FIBA;International Basketball Federation;['Basketball'];
2491303;True;SARAMITO Isabelle;Female;Referee;J;FIBA;FIBA;International Basketball Federation;['Basketball'];
2491304;True;SAVIO Jose;Male;Referee;J;FIBA;FIBA;International Basketball Federation;['Basketball'];
2491305;True;SOUSSIA Benjamin;Male;Referee;J;FIBA;FIBA;International Basketball Federation;['Basketball'];
2491306;True;TANGUY Laura;Female;Referee;J;FIBA;FIBA;International Basketball Federation;['Basketball'];
2491307;True;USCLADE Virginie;Female;Referee;J;FIBA;FIBA;International Basketball Federation;['Basketball'];
2491308;True;VANCOILLIE Cedric;Male;Referee;J;FIBA;FIBA;International Basketball Federation;['Basketball'];
2491309;True;VERON Thierry;Male;Referee;J;FIBA;FIBA;International Basketball Federation;['Basketball'];
2491310;True;VIOLLEAU Anne Sophie;Female;Referee;J;FIBA;FIBA;International Basketball Federation;['Basketball'];
2491529;True;SHIPLEY David;Male;Technical Official;J;USA;United States;United States of America;['Surfing'];
2492445;True;NEWMAN Zeke;Male;Umpire;J;AUS;Australia;Australia;['Hockey'];
2495111;True;KHIDOYATOV Eshpulat;Male;Referee;J;UZB;Uzbekistan;Uzbekistan;['Wrestling'];
2498247;True;BURNETT Sally;Female;Jury Member;J;GBR;Great Britain;Great Britain;['Sailing'];
2499018;True;DAVANZO Giorgio;Male;Jury Member;J;ITA;Italy;Italy;['Sailing'];
2499102;True;REYNOLDS Alexander;Male;Technical Official;J;USA;United States;United States of America;['Surfing'];
2499115;True;WALLIS Kevin;Male;Technical Official;J;USA;United States;United States of America;['Surfing'];
2500371;True;KLIMA Philippe;Male;Technical Official;J;FRA;France;France;['Surfing'];
2500375;True;LLAMBIAS OTTONE Ixa;Female;Technical Official;J;CHI;Chile;Chile;['Surfing'];
2501428;True;BROQUA Jean;Male;Referee;J;WR;World Rugby;World Rugby;['Rugby Sevens'];
2501429;True;JOLICARD Solene;Female;Referee;J;WR;World Rugby;World Rugby;['Rugby Sevens'];
2501430;True;ARNALDI Marie Christine;Female;Referee;J;WR;World Rugby;World Rugby;['Rugby Sevens'];
2501432;True;BRU Pierre;Male;Referee;J;WR;World Rugby;World Rugby;['Rugby Sevens'];
2501433;True;LOURENCO Tristan;Male;Referee;J;WR;World Rugby;World Rugby;['Rugby Sevens'];
2501434;True;URRUZMENDI Evan;Male;Referee;J;WR;World Rugby;World Rugby;['Rugby Sevens'];
2501435;True;ACHARD Florence;Female;Referee;J;WR;World Rugby;World Rugby;['Rugby Sevens'];
2501436;True;TREHARD Julien;Male;Referee;J;WR;World Rugby;World Rugby;['Rugby Sevens'];
2501437;True;PUECH Lucile;Female;Referee;J;WR;World Rugby;World Rugby;['Rugby Sevens'];
2501438;True;LEBOEUF Melissa;Female;Referee;J;WR;World Rugby;World Rugby;['Rugby Sevens'];
2501439;True;LEBEGUE Martin;Female;Referee;J;WR;World Rugby;World Rugby;['Rugby Sevens'];
2501440;True;FERRE Alexandra;Female;Referee;J;WR;World Rugby;World Rugby;['Rugby Sevens'];
2501441;True;BARROMES Fabien;Male;Referee;J;WR;World Rugby;World Rugby;['Rugby Sevens'];
2501442;True;BYNG Stephen;Male;Referee;J;WR;World Rugby;World Rugby;['Rugby Sevens'];
2501443;True;MONTOCCHIO Agathe;Female;Referee;J;WR;World Rugby;World Rugby;['Rugby Sevens'];
2501444;True;FONDRAT Guillaume;Male;Referee;J;WR;World Rugby;World Rugby;['Rugby Sevens'];
2501445;True;LABORDE Cedric;Male;Referee;J;WR;World Rugby;World Rugby;['Rugby Sevens'];
2501446;True;VIDAL Pauline;Female;Referee;J;WR;World Rugby;World Rugby;['Rugby Sevens'];
2501447;True;HUESCA Sophie;Female;Referee;J;WR;World Rugby;World Rugby;['Rugby Sevens'];
2627678;True;WEI Benjamin;Male;Technical Official;J;USA;United States;United States of America;['Surfing'];
2697110;True;KORTE Kurt;Male;Technical Official;J;USA;United States;United States of America;['Surfing'];
2780660;True;ATAY Zeynel Lutfu;Male;Referee;J;DEN;Denmark;Denmark;['Wrestling'];
2786885;True;LOWENTHAL Dillan;Male;Technical Official;J;IRL;Ireland;Ireland;['Surfing'];
2796245;True;BOUSSARD Michel;Male;Judge;J;WAQU;World Aquatics;World Aquatics;['Diving'];
2796266;True;LEFRANC Florence;Female;Judge;J;WAQU;World Aquatics;World Aquatics;['Artistic Swimming'];
2796268;True;CAOUS Daniel;Male;Judge;J;WAQU;World Aquatics;World Aquatics;['Diving'];
2796280;True;BILLIET Marie Pascale;Female;Judge;J;WAQU;World Aquatics;World Aquatics;['Artistic Swimming'];
2796283;True;SUZANNE Benoit;Male;Judge;J;WAQU;World Aquatics;World Aquatics;['Diving'];
2796285;True;GARCIA RODRIGO Ivan;Male;Judge;J;WAQU;World Aquatics;World Aquatics;['Diving'];
2796294;True;CANO Tanguy;Male;Judge;J;WAQU;World Aquatics;World Aquatics;['Diving'];
2796298;True;de la LLAVE Teddy;Male;Judge;J;WAQU;World Aquatics;World Aquatics;['Diving'];
2796300;True;DOIMO Sandra;Female;Judge;J;WAQU;World Aquatics;World Aquatics;['Artistic Swimming'];
2796302;True;CUPILLARD Dominique;Female;Judge;J;WAQU;World Aquatics;World Aquatics;['Artistic Swimming'];
2796306;True;CLEMENCON Michele;Female;Judge;J;WAQU;World Aquatics;World Aquatics;['Diving'];
2796328;True;PORCU Noel;Male;Judge;J;WAQU;World Aquatics;World Aquatics;['Diving'];
2796330;True;NEUVILLE Sylvie;Female;Judge;J;WAQU;World Aquatics;World Aquatics;['Artistic Swimming'];
2844406;True;MULLER-THYSSEN Maria;Male;Referee;J;ESP;Spain;Spain;['Handball'];
2844513;True;JORUM Lars;Male;Referee;J;NOR;Norway;Norway;['Handball'];
2844649;True;SALAH Morad;Male;Referee;J;SUI;Switzerland;Switzerland;['Handball'];
2844759;True;KURTAGIC Mirza;Male;Referee;J;SWE;Sweden;Sweden;['Handball'];
2871936;True;BADJI Riadh;Male;Judge;J;PBU;PBU;Paris 2024 Boxing Unit;['Boxing'];
2871948;True;KAZAKOV Dilshod;Male;Judge;J;PBU;PBU;Paris 2024 Boxing Unit;['Boxing'];
2871958;True;MENCHAOUI Hichem;Male;Judge;J;PBU;PBU;Paris 2024 Boxing Unit;['Boxing'];
2871969;True;TSERENKHAND Tsogtgerel;Female;Judge;J;PBU;PBU;Paris 2024 Boxing Unit;['Boxing'];
2871999;True;BEKPENBETOV Bakytzhan;Male;Judge;J;PBU;PBU;Paris 2024 Boxing Unit;['Boxing'];
2872012;True;ABALOS Maximo;Male;Referee;J;PHI;Philippines;Philippines;['Boxing'];
2872023;True;SOUILMI Mouhsine;Male;Referee;J;MAR;Morocco;Morocco;['Boxing'];
2872035;True;BORDBAR HAGHIGHI SABET Babak;Male;Referee;J;IRI;IR Iran;Islamic Republic of Iran;['Boxing'];
2872046;True;MOKRETARI Sid Ali;Male;Referee;J;ALG;Algeria;Algeria;['Boxing'];
2872050;True;BYAMBABAYAR Atarbayar;Male;Referee;J;MGL;Mongolia;Mongolia;['Boxing'];
2872377;True;ADEOTI Mosunmola;Female;Judge;J;PBU;PBU;Paris 2024 Boxing Unit;['Boxing'];
2872584;True;ILDEBAYEVA Ainur;Female;Judge;J;PBU;PBU;Paris 2024 Boxing Unit;['Boxing'];
2872818;True;SADEGH POOR Farzad;Male;Referee;J;IRI;IR Iran;Islamic Republic of Iran;['Boxing'];
2873696;True;SRICHAISAWAT Paiboon;Male;Judge;J;PBU;PBU;Paris 2024 Boxing Unit;['Boxing'];
2873804;True;IGUBAYEV Aslan;Male;Judge;J;PBU;PBU;Paris 2024 Boxing Unit;['Boxing'];
2873953;True;AMMOURA Nacera;Female;Judge;J;PBU;PBU;Paris 2024 Boxing Unit;['Boxing'];
2875808;True;NASIROVA Leyla Arif Qizi;Female;Judge;J;PBU;PBU;Paris 2024 Boxing Unit;['Boxing'];
2876696;True;SVYATOCHA Boris;Male;Judge;J;PBU;PBU;Paris 2024 Boxing Unit;['Boxing'];
2973407;True;VALENZUELA GOMEZ Cesar Fernando;Male;Judge;J;FIG;FIG;International Gymnastics Federation;['Artistic Gymnastics'];
2973413;True;PALAMARA Ioulia;Female;Judge;J;FIG;FIG;International Gymnastics Federation;['Artistic Gymnastics'];
2973422;True;HUNT Caroline;Female;Judge;J;USA;United States;United States of America;['Rhythmic Gymnastics'];16/02/1978
3002003;True;BAKE Giovanni;Male;Referee;J;RSA;South Africa;South Africa;['Beach Volleyball'];
3047340;True;PAVICEVIC Ivan;Male;Referee;J;MNE;Montenegro;Montenegro;['Handball'];
3047342;True;BELKHIRI Youcef;Male;Referee;J;ALG;Algeria;Algeria;['Handball'];
3047343;True;HAMIDI Sidali;Male;Referee;J;ALG;Algeria;Algeria;['Handball'];
3047344;True;PAOLANTONI Maria Ines;Female;Referee;J;ARG;Argentina;Argentina;['Handball'];
3047345;True;GARCIA Mariana;Female;Referee;J;ARG;Argentina;Argentina;['Handball'];
3047346;True;KONJICANIN Dino;Male;Referee;J;BIH;Bosnia & Herzegovina;Bosnia and Herzegovina;['Handball'];
3047347;True;KONJICANIN Amar;Male;Referee;J;BIH;Bosnia & Herzegovina;Bosnia and Herzegovina;['Handball'];
3047348;True;HORACEK Vaclav;Male;Referee;J;CZE;Czechia;Czechia;['Handball'];
3047349;True;NOVOTNY Jiri;Male;Referee;J;CZE;Czechia;Czechia;['Handball'];
3047350;True;HANSEN Mads;Male;Referee;J;DEN;Denmark;Denmark;['Handball'];
3047351;True;MADSEN Jesper;Male;Referee;J;DEN;Denmark;Denmark;['Handball'];
3047352;True;MARIN LORENTE Andreu;Male;Referee;J;ESP;Spain;Spain;['Handball'];
3047353;True;GARCIA Ignacio;Male;Referee;J;ESP;Spain;Spain;['Handball'];
3047354;True;BONAVENTURA Julie;Female;Referee;J;FRA;France;France;['Handball'];
3047355;True;BONAVENTURA Charlotte;Female;Referee;J;FRA;France;France;['Handball'];
3047356;True;SCHULZE Robert;Male;Referee;J;GER;Germany;Germany;['Handball'];
3047357;True;TOENNIES Tobias;Male;Referee;J;GER;Germany;Germany;['Handball'];
3047358;True;MERZ Maike;Female;Referee;J;GER;Germany;Germany;['Handball'];
3047359;True;KUTTLER Tanja;Female;Referee;J;GER;Germany;Germany;['Handball'];
3047360;True;BIRO Adam;Male;Referee;J;HUN;Hungary;Hungary;['Handball'];
3047361;True;KISS Oliver;Male;Referee;J;HUN;Hungary;Hungary;['Handball'];
3047362;True;NACHEVSKI Gjorgji;Male;Referee;J;MKD;North Macedonia;North Macedonia;['Handball'];
3047363;True;NIKOLOV Slave;Male;Referee;J;MKD;North Macedonia;North Macedonia;['Handball'];
3047364;True;RAZNATOVIC Milos;Male;Referee;J;MNE;Montenegro;Montenegro;['Handball'];
3047365;True;KLEVEN Havard;Male;Referee;J;NOR;Norway;Norway;['Handball'];
3047366;True;LAH Bojan;Male;Referee;J;SLO;Slovenia;Slovenia;['Handball'];
3047367;True;SOK David;Male;Referee;J;SLO;Slovenia;Slovenia;['Handball'];
3047368;True;BRUNNER Arthur;Male;Referee;J;SUI;Switzerland;Switzerland;['Handball'];
3047369;True;WETTERWIK Mattias;Male;Referee;J;SWE;Sweden;Sweden;['Handball'];
3052943;True;BRUDEY Jean Francois;Male;Line Judge;J;FIVB;FIVB;International Volleyball Federation;['Beach Volleyball'];
3060392;True;BAS Andrej;Male;Referee;J;SLO;Slovenia;Slovenia;['3x3 Basketball'];
3060402;True;TRONTELJ Gorazd;Male;Referee;J;SLO;Slovenia;Slovenia;['3x3 Basketball'];
3060403;True;SHIMOYAMA Waka;Female;Referee;J;JPN;Japan;Japan;['3x3 Basketball'];
3060404;True;YAGI Aki;Female;Referee;J;JPN;Japan;Japan;['3x3 Basketball'];
3060405;True;MATSUMOTO Tsunemi;Female;Referee;J;JPN;Japan;Japan;['3x3 Basketball'];
3060406;True;HEGEDUSNE STION Eva;Female;Referee;J;HUN;Hungary;Hungary;['3x3 Basketball'];
3060407;True;BOZJAK Ziga;Male;Referee;J;SLO;Slovenia;Slovenia;['3x3 Basketball'];
3060408;True;SANKOVIC Andraz;Male;Referee;J;SLO;Slovenia;Slovenia;['3x3 Basketball'];
3060409;True;GOGALA Eva;Female;Referee;J;SLO;Slovenia;Slovenia;['3x3 Basketball'];
3060410;True;FULOP Adam;Male;Referee;J;HUN;Hungary;Hungary;['3x3 Basketball'];
3060411;True;JUG Ana;Female;Referee;J;SLO;Slovenia;Slovenia;['3x3 Basketball'];
3060412;True;KECSKEMETI Elizabeth;Female;Referee;J;HUN;Hungary;Hungary;['3x3 Basketball'];
3062446;True;MANNO Timothy;Male;Technical Official;J;USA;United States;United States of America;['Surfing'];
3518627;True;PICSON Maria Karina;Female;Judge;J;PBU;PBU;Paris 2024 Boxing Unit;['Boxing'];
3521177;True;OOMMEN George;Male;Referee;J;GBR;Great Britain;Great Britain;['Football'];
4193219;True;KOWLOON;Male;Judge F;J;CHN;China;People's Republic of China;['Breaking'];
4652045;True;REY David;Male;Referee;J;FRA;France;France;['Wrestling'];
4654128;True;BARTHE SADRAN Marie;Female;Judge;J;PBU;PBU;Paris 2024 Boxing Unit;['Boxing'];
4654138;True;KUSSMAUL Holger;Male;Referee;J;GER;Germany;Germany;['Boxing'];
4968543;True;CAMPANILE Nicolas;Male;Judge;J;FIG;FIG;International Gymnastics Federation;['Artistic Gymnastics'];
